date_set,date_recovered,water_yr,season,site,stream,treat,rep,habitat,depth_m,current_velocity _m/s,Tile orientation/ condition,PAR umols/m-2s-1,type,category,total,1mm,2mm,3mm,4mm,5mm,6mm,7mm,8mm,9mm,10mm,15mm,20mm,pupae,total_bl_mm,avg_bl,total_drymass,avg_drymass,notes
12/12/03,6/25/04,2003-2004,summer,East Creek,ec,control,2,rn,NA,NA,NA,NA,NA,NA,0,0,0,0,0,0,0,0,0,0,0,0,0,0,0,0,0,0,1 leech @ 5
12/12/03,6/25/04,2003-2004,summer,East Creek,ec,control,4,rn,NA,NA,NA,NA,NA,NA,0,0,0,0,0,0,0,0,0,0,0,0,0,0,0,0,0,0,
12/12/03,6/25/04,2003-2004,summer,East Creek,ec,control,6,rn,NA,NA,flipped,NA,NA,NA,0,0,0,0,0,0,0,0,0,0,0,0,0,0,0,0,0,0,
11/11/04,1/27/05,2004-2005,winter,East Creek,ec,control,1,r,0.08,0.25,flipped,NA,NA,NA,0,0,0,0,0,0,0,0,0,0,0,0,0,0,0,0,0,0,
11/11/04,1/27/05,2004-2005,winter,East Creek,ec,control,4,NA,NA,NA,not found,NA,NA,NA,0,0,0,0,0,0,0,0,0,0,0,0,0,0,0,0,0,0,
11/11/04,1/27/05,2004-2005,winter,East Creek,ec,control,5,NA,NA,NA,not found,NA,NA,NA,0,0,0,0,0,0,0,0,0,0,0,0,0,0,0,0,0,0,
11/11/04,1/27/05,2004-2005,winter,East Creek,ec,control,6,NA,NA,NA,not found,NA,NA,NA,0,0,0,0,0,0,0,0,0,0,0,0,0,0,0,0,0,0,
1/28/05,4/8/05,2004-2005,spring,East Creek,ec,control,1,r,0.15,0.21,buried,5,NA,NA,0,0,0,0,0,0,0,0,0,0,0,0,0,0,0,0,0,0,
1/28/05,4/8/05,2004-2005,spring,East Creek,ec,control,6,r,NA,NA,no sample,NA,NA,NA,0,0,0,0,0,0,0,0,0,0,0,0,0,0,0,0,0,0,
4/8/05,7/6/05,2004-2005,summer,East Creek,ec,control,4,r,0.12,0.18,NA,28.9,NA,NA,0,0,0,0,0,0,0,0,0,0,0,0,0,0,0,0,0,0,
4/8/05,7/6/05,2004-2005,summer,East Creek,ec,control,5,r,0.18,0.06,NA,24.3,NA,NA,0,0,0,0,0,0,0,0,0,0,0,0,0,0,0,0,0,0,
4/8/05,7/6/05,2004-2005,summer,East Creek,ec,control,6,NA,NA,NA,lost ,NA,NA,NA,0,0,0,0,0,0,0,0,0,0,0,0,0,0,0,0,0,0,
10/6/05,11/28/05,2005-2006,fall,East Creek,ec,control,1,r,0.21,0.02,No bugs,2.13,NA,NA,0,0,0,0,0,0,0,0,0,0,0,0,0,0,0,0,0,0,
10/6/05,11/28/05,2005-2006,fall,East Creek,ec,control,2,p,0.13,0.01,No bugs,5.45,NA,NA,0,0,0,0,0,0,0,0,0,0,0,0,0,0,0,0,0,0,
10/6/05,11/28/05,2005-2006,fall,East Creek,ec,control,3,p,0.16,0.04,No bugs,6.37,NA,NA,0,0,0,0,0,0,0,0,0,0,0,0,0,0,0,0,0,0,
10/6/05,11/28/05,2005-2006,fall,East Creek,ec,control,4,r,0.08,0.03,No bugs- flipped,4.91,NA,NA,0,0,0,0,0,0,0,0,0,0,0,0,0,0,0,0,0,0,
10/6/05,11/28/05,2005-2006,fall,East Creek,ec,control,5,p,0.13,0.07,No bugs,8.92,NA,NA,0,0,0,0,0,0,0,0,0,0,0,0,0,0,0,0,0,0,
10/6/05,11/28/05,2005-2006,fall,East Creek,ec,control,6,p,0.06,0.01,No bugs,10.63,NA,NA,0,0,0,0,0,0,0,0,0,0,0,0,0,0,0,0,0,0,
11/28/05,3/30/06,2005-2006,spring,East Creek,ec,control,1,r,0.06,0.12,flipped,6.6,NA,NA,0,0,0,0,0,0,0,0,0,0,0,0,0,0,0,0,0,0,
11/28/05,3/30/06,2005-2006,spring,East Creek,ec,control,3,r,0.06,0.05,NA,8.7,NA,NA,0,0,0,0,0,0,0,0,0,0,0,0,0,0,0,0,0,0,
10/10/06,2/2/07,2006-2007,winter,East Creek,ec,control,6,NA,NA,NA,missing,NA,NA,NA,0,0,0,0,0,0,0,0,0,0,0,0,0,0,0,0,0,0,
11/11/04,1/27/05,2004-2005,winter,Mirror Creek,j,thinned,2,p,0.28,0.01,flipped,NA,NA,NA,0,0,0,0,0,0,0,0,0,0,0,0,0,0,0,0,0,0,
11/11/04,1/27/05,2004-2005,winter,Mirror Creek,j,thinned,3,rn,0.11,0.18,NA,NA,NA,NA,0,0,0,0,0,0,0,0,0,0,0,0,0,0,0,0,0,0,"3 fish: 20,15 and 5cm"
11/11/04,1/27/05,2004-2005,winter,Mirror Creek,j,thinned,5,NA,NA,NA,no sample,NA,NA,NA,0,0,0,0,0,0,0,0,0,0,0,0,0,0,0,0,0,0,
11/11/04,1/27/05,2004-2005,winter,Mirror Creek,j,thinned,6,NA,NA,NA,no sample,NA,NA,NA,0,0,0,0,0,0,0,0,0,0,0,0,0,0,0,0,0,0,
1/28/05,4/8/05,2004-2005,spring,Mirror Creek,j,thinned,1,f,0.18,0.07,PARtly sunny -- a lot of sediment,12,NA,NA,0,0,0,0,0,0,0,0,0,0,0,0,0,0,0,0,0,0,
1/28/05,4/8/05,2004-2005,spring,Mirror Creek,j,thinned,3,f,0.17,0.17,buried,24,NA,NA,0,0,0,0,0,0,0,0,0,0,0,0,0,0,0,0,0,0,
1/28/05,4/8/05,2004-2005,spring,Mirror Creek,j,thinned,4,f,0.22,0.13,NA,150,NA,NA,0,0,0,0,0,0,0,0,0,0,0,0,0,0,0,0,0,0,
1/28/05,4/8/05,2004-2005,spring,Mirror Creek,j,thinned,6,r,0.15,0.06,NA,58,NA,NA,0,0,0,0,0,0,0,0,0,0,0,0,0,0,0,0,0,0,
10/6/05,11/28/05,2005-2006,fall,Mirror Creek,j,thinned,1,p,0.13,0.01,No bugs-covered in algae,91.17,NA,NA,0,0,0,0,0,0,0,0,0,0,0,0,0,0,0,0,0,0,"sampled by P.Kiffney and X. Pinto - reset Dec 6, 2005"
10/6/05,11/28/05,2005-2006,fall,Mirror Creek,j,thinned,2,rn,0.07,0.07,No bugs,62.42,NA,NA,0,0,0,0,0,0,0,0,0,0,0,0,0,0,0,0,0,0,
10/6/05,11/28/05,2005-2006,fall,Mirror Creek,j,thinned,3,rn,0.07,0.08,No bugs,52.28,NA,NA,0,0,0,0,0,0,0,0,0,0,0,0,0,0,0,0,0,0,
10/6/05,11/28/05,2005-2006,fall,Mirror Creek,j,thinned,4,rn,0.05,0.11,No bugs,48.45,NA,NA,0,0,0,0,0,0,0,0,0,0,0,0,0,0,0,0,0,0,
10/6/05,11/28/05,2005-2006,fall,Mirror Creek,j,thinned,6,NA,NA,NA,Tile is missing,NA,NA,NA,0,0,0,0,0,0,0,0,0,0,0,0,0,0,0,0,0,0,
11/28/05,12/6/05,2005-2006,winter,Mirror Creek,j,thinned,1,r,0.07,0.17,No Bugs - tile set for only 8 days,56.09,NA,NA,0,0,0,0,0,0,0,0,0,0,0,0,0,0,0,0,0,0,
11/28/05,12/6/05,2005-2006,winter,Mirror Creek,j,thinned,2,p,0.15,0.01,No Bugs - tile set for only 8 days,53.7,NA,NA,0,0,0,0,0,0,0,0,0,0,0,0,0,0,0,0,0,0,
11/28/05,12/6/05,2005-2006,winter,Mirror Creek,j,thinned,3,r,0.025,0.02,No Bugs - tile set for only 8 days,53.61,NA,NA,0,0,0,0,0,0,0,0,0,0,0,0,0,0,0,0,0,0,
11/28/05,12/6/05,2005-2006,winter,Mirror Creek,j,thinned,4,r,0.075,0.17,No Bugs - tile set for only 8 days,60.7,NA,NA,0,0,0,0,0,0,0,0,0,0,0,0,0,0,0,0,0,0,
11/28/05,3/30/06,2005-2006,spring,Mirror Creek,j,thinned,2,rn,0.02,0.11,lots of sediment,174.8,NA,NA,0,0,0,0,0,0,0,0,0,0,0,0,0,0,0,0,0,0,
11/28/05,3/30/06,2005-2006,spring,Mirror Creek,j,thinned,4,rn,0.06,0.12,NA,97.1,NA,NA,0,0,0,0,0,0,0,0,0,0,0,0,0,0,0,0,0,0,
11/28/05,3/30/06,2005-2006,spring,Mirror Creek,j,thinned,6,NA,NA,NA,dry,NA,NA,NA,0,0,0,0,0,0,0,0,0,0,0,0,0,0,0,0,0,0,
10/10/06,2/2/07,2006-2007,winter,Mirror Creek,j,thinned,2,rn,0.15,0.01,no bugs,NA,NA,NA,0,0,0,0,0,0,0,0,0,0,0,0,0,0,0,0,0,0,
12/12/03,6/25/04,2003-2004,summer,Griffiths,k,thinned,3,p,NA,NA,NA,NA,NA,NA,0,0,0,0,0,0,0,0,0,0,0,0,0,0,0,0,0,0,
12/12/03,6/25/04,2003-2004,summer,Griffiths,k,thinned,6,rn,NA,NA,NA,NA,NA,NA,0,0,0,0,0,0,0,0,0,0,0,0,0,0,0,0,0,0,
9/15/04,11/12/04,2004-2005,fall,Griffiths,k,thinned,1,p,0.13,<0.01,heavy sediment deposits,NA,NA,NA,0,0,0,0,0,0,0,0,0,0,0,0,0,0,0,0,0,0,
9/15/04,11/12/04,2004-2005,fall,Griffiths,k,thinned,6,NA,NA,NA,"not recoverable, covered in debris - active logging",NA,NA,NA,0,0,0,0,0,0,0,0,0,0,0,0,0,0,0,0,0,0,
11/12/04,1/28/05,2004-2005,winter,Griffiths,k,thinned,3,r,NA,NA,flipped/buried,NA,NA,NA,0,0,0,0,0,0,0,0,0,0,0,0,0,0,0,0,0,0,
11/12/04,1/28/05,2004-2005,winter,Griffiths,k,thinned,6,NA,NA,NA,no sample,NA,NA,NA,0,0,0,0,0,0,0,0,0,0,0,0,0,0,0,0,0,0,
1/28/05,4/7/05,2004-2005,spring,Griffiths,k,thinned,2,p,0.12,NA,in second channel reverse flow,NA,NA,NA,0,0,0,0,0,0,0,0,0,0,0,0,0,0,0,0,0,0,
4/8/05,7/6/05,2004-2005,summer,Griffiths,k,thinned,2,p,0.1,0.01,NA,165.6,NA,NA,0,0,0,0,0,0,0,0,0,0,0,0,0,0,0,0,0,0,
4/8/05,7/6/05,2004-2005,summer,Griffiths,k,thinned,6,NA,NA,NA,flipped,NA,NA,NA,0,0,0,0,0,0,0,0,0,0,0,0,0,0,0,0,0,0,
10/6/05,12/6/05,2005-2006,winter,Griffiths,k,thinned,6,p,0.0125,0.01,No Bugs,23.03,NA,NA,0,0,0,0,0,0,0,0,0,0,0,0,0,0,0,0,0,0,
12/6/05,4/3/06,2005-2006,spring,Griffiths,k,thinned,2,NA,NA,NA,time 9:30; out of water - no sample taken,85.6,NA,NA,0,0,0,0,0,0,0,0,0,0,0,0,0,0,0,0,0,0,
12/6/05,4/3/06,2005-2006,spring,Griffiths,k,thinned,5,r,NA,NA,time 9:30; flipped over,65.5,NA,NA,0,0,0,0,0,0,0,0,0,0,0,0,0,0,0,0,0,0,
10/10/06,2/2/07,2006-2007,winter,Griffiths,k,thinned,6,NA,NA,NA,missing,NA,NA,NA,0,0,0,0,0,0,0,0,0,0,0,0,0,0,0,0,0,0,
12/12/03,6/25/04,2003-2004,summer,Roy/Sidle,l,thinned,1,p,NA,NA,no bugs,NA,NA,NA,0,0,0,0,0,0,0,0,0,0,0,0,0,0,0,0,0,0,Not sure of set date - from Conans notes
12/12/03,6/25/04,2003-2004,summer,Roy/Sidle,l,thinned,2,p,NA,NA,NA,NA,NA,NA,0,0,0,0,0,0,0,0,0,0,0,0,0,0,0,0,0,0,
12/12/03,6/25/04,2003-2004,summer,Roy/Sidle,l,thinned,3,p,NA,NA,NA,NA,NA,NA,0,0,0,0,0,0,0,0,0,0,0,0,0,0,0,0,0,0,
12/12/03,6/25/04,2003-2004,summer,Roy/Sidle,l,thinned,4,rn,NA,NA,NA,NA,NA,NA,0,0,0,0,0,0,0,0,0,0,0,0,0,0,0,0,0,0,
12/12/03,6/25/04,2003-2004,summer,Roy/Sidle,l,thinned,6,p,NA,NA,NA,NA,NA,NA,0,0,0,0,0,0,0,0,0,0,0,0,0,0,0,0,0,0,
9/15/04,11/12/04,2004-2005,fall,Roy/Sidle,l,thinned,1,p,0.14,<0.01,on it's side,NA,NA,NA,0,0,0,0,0,0,0,0,0,0,0,0,0,0,0,0,0,0,
9/15/04,11/12/04,2004-2005,fall,Roy/Sidle,l,thinned,3,r,0.08,1.01,on it's side,NA,NA,NA,0,0,0,0,0,0,0,0,0,0,0,0,0,0,0,0,0,0,
9/15/04,11/12/04,2004-2005,fall,Roy/Sidle,l,thinned,5,p,0.23,0.01,NA,NA,NA,NA,0,0,0,0,0,0,0,0,0,0,0,0,0,0,0,0,0,0,
11/12/04,1/28/05,2004-2005,winter,Roy/Sidle,l,thinned,2,r,0.06,0.02,"3/4 buried, standing on side",NA,NA,NA,0,0,0,0,0,0,0,0,0,0,0,0,0,0,0,0,0,0,
11/12/04,1/28/05,2004-2005,winter,Roy/Sidle,l,thinned,3,r,NA,NA,1/2 broken- 1/2 buried,NA,NA,NA,0,0,0,0,0,0,0,0,0,0,0,0,0,0,0,0,0,0,
11/12/04,1/28/05,2004-2005,winter,Roy/Sidle,l,thinned,4,NA,NA,NA,no sample,NA,NA,NA,0,0,0,0,0,0,0,0,0,0,0,0,0,0,0,0,0,0,
11/12/04,1/28/05,2004-2005,winter,Roy/Sidle,l,thinned,5,NA,NA,NA,no sample,NA,NA,NA,0,0,0,0,0,0,0,0,0,0,0,0,0,0,0,0,0,0,
11/12/04,1/28/05,2004-2005,winter,Roy/Sidle,l,thinned,6,NA,NA,NA,no sample,NA,NA,NA,0,0,0,0,0,0,0,0,0,0,0,0,0,0,0,0,0,0,
4/8/05,7/6/05,2004-2005,summer,Roy/Sidle,l,thinned,3,NA,NA,NA,flipped,NA,NA,NA,0,0,0,0,0,0,0,0,0,0,0,0,0,0,0,0,0,0,
4/8/05,7/6/05,2004-2005,summer,Roy/Sidle,l,thinned,4,NA,NA,NA,missing,NA,NA,NA,0,0,0,0,0,0,0,0,0,0,0,0,0,0,0,0,0,0,
4/8/05,7/6/05,2004-2005,summer,Roy/Sidle,l,thinned,5,NA,NA,NA,missing,NA,NA,NA,0,0,0,0,0,0,0,0,0,0,0,0,0,0,0,0,0,0,
4/8/05,7/6/05,2004-2005,summer,Roy/Sidle,l,thinned,6,NA,NA,NA,missing,NA,NA,NA,0,0,0,0,0,0,0,0,0,0,0,0,0,0,0,0,0,0,
10/6/05,12/7/05,2005-2006,winter,Roy/Sidle,l,thinned,1,r,0.055,0.1,No Bugs - Tilted 20 degrees,20.8,NA,NA,0,0,0,0,0,0,0,0,0,0,0,0,0,0,0,0,0,0,
10/6/05,12/7/05,2005-2006,winter,Roy/Sidle,l,thinned,2,p,0.17,0.01,Not sampled - flipped,39.54,NA,NA,0,0,0,0,0,0,0,0,0,0,0,0,0,0,0,0,0,0,
10/6/05,12/7/05,2005-2006,winter,Roy/Sidle,l,thinned,3,p,0.09,0.01,No Bugs - Tilted 45 degrees,45.52,NA,NA,0,0,0,0,0,0,0,0,0,0,0,0,0,0,0,0,0,0,
10/6/05,12/7/05,2005-2006,winter,Roy/Sidle,l,thinned,4,p,0.16,0.01,No Bugs - Tilted 90 degrees,41.16,NA,NA,0,0,0,0,0,0,0,0,0,0,0,0,0,0,0,0,0,0,
12/7/05,4/4/06,2005-2006,spring,Roy/Sidle,l,thinned,2,r,0.195,0.25,time 11:00,850,NA,NA,0,0,0,0,0,0,0,0,0,0,0,0,0,0,0,0,0,0,
12/7/05,4/4/06,2005-2006,spring,Roy/Sidle,l,thinned,6,r,NA,NA,time 11:00; flipped - no sample,280,NA,NA,0,0,0,0,0,0,0,0,0,0,0,0,0,0,0,0,0,0,
10/10/06,2/2/07,2006-2007,winter,Roy/Sidle,l,thinned,1,NA,NA,NA,missing,NA,NA,NA,0,0,0,0,0,0,0,0,0,0,0,0,0,0,0,0,0,0,
10/10/06,2/2/07,2006-2007,winter,Roy/Sidle,l,thinned,2,NA,NA,NA,missing,NA,NA,NA,0,0,0,0,0,0,0,0,0,0,0,0,0,0,0,0,0,0,
10/10/06,2/2/07,2006-2007,winter,Roy/Sidle,l,thinned,3,NA,NA,NA,missing,NA,NA,NA,0,0,0,0,0,0,0,0,0,0,0,0,0,0,0,0,0,0,
10/10/06,2/2/07,2006-2007,winter,Roy/Sidle,l,thinned,4,NA,NA,NA,missing,NA,NA,NA,0,0,0,0,0,0,0,0,0,0,0,0,0,0,0,0,0,0,
10/10/06,2/2/07,2006-2007,winter,Roy/Sidle,l,thinned,5,NA,NA,NA,missing,NA,NA,NA,0,0,0,0,0,0,0,0,0,0,0,0,0,0,0,0,0,0,
10/10/06,2/2/07,2006-2007,winter,Roy/Sidle,l,thinned,6,NA,NA,NA,missing,NA,NA,NA,0,0,0,0,0,0,0,0,0,0,0,0,0,0,0,0,0,0,
12/12/03,6/25/04,2003-2004,summer,Mike Creek,mc,control,4,rn,NA,NA,NA,NA,NA,NA,0,0,0,0,0,0,0,0,0,0,0,0,0,0,0,0,0,0,
12/12/03,6/25/04,2003-2004,summer,Mike Creek,mc,control,5,p,NA,NA,NA,NA,NA,NA,0,0,0,0,0,0,0,0,0,0,0,0,0,0,0,0,0,0,
12/12/03,6/25/04,2003-2004,summer,Mike Creek,mc,control,6,p,NA,NA,missing,NA,NA,NA,0,0,0,0,0,0,0,0,0,0,0,0,0,0,0,0,0,0,
11/11/04,1/27/05,2004-2005,winter,Mike Creek,mc,control,2,rn,0.13,0.13,flipped,NA,NA,NA,0,0,0,0,0,0,0,0,0,0,0,0,0,0,0,0,0,0,
11/11/04,1/27/05,2004-2005,winter,Mike Creek,mc,control,3,rn,0.17,0.06,NA,NA,NA,NA,0,0,0,0,0,0,0,0,0,0,0,0,0,0,0,0,0,0,
11/11/04,1/27/05,2004-2005,winter,Mike Creek,mc,control,4,p,0.16,0.05,NA,NA,NA,NA,0,0,0,0,0,0,0,0,0,0,0,0,0,0,0,0,0,0,
11/11/04,1/27/05,2004-2005,winter,Mike Creek,mc,control,5,NA,NA,NA,not found,NA,NA,NA,0,0,0,0,0,0,0,0,0,0,0,0,0,0,0,0,0,0,
11/11/04,1/27/05,2004-2005,winter,Mike Creek,mc,control,6,NA,NA,NA,not found,NA,NA,NA,0,0,0,0,0,0,0,0,0,0,0,0,0,0,0,0,0,0,
10/6/05,11/28/05,2005-2006,fall,Mike Creek,mc,control,1,rn,0.1,0.01,No bugs- flipped,16.32,NA,NA,0,0,0,0,0,0,0,0,0,0,0,0,0,0,0,0,0,0,
10/6/05,11/28/05,2005-2006,fall,Mike Creek,mc,control,2,r,0.07,0.05,No bugs- flipped,9.02,NA,NA,0,0,0,0,0,0,0,0,0,0,0,0,0,0,0,0,0,0,
10/6/05,11/28/05,2005-2006,fall,Mike Creek,mc,control,3,rn,0.12,0.14,No bugs,11.26,NA,NA,0,0,0,0,0,0,0,0,0,0,0,0,0,0,0,0,0,0,
10/6/05,11/28/05,2005-2006,fall,Mike Creek,mc,control,4,rn,0.12,0.04,No bugs- flipped,10.45,NA,NA,0,0,0,0,0,0,0,0,0,0,0,0,0,0,0,0,0,0,
10/6/05,11/28/05,2005-2006,fall,Mike Creek,mc,control,5,rn,0.06,0.08,No bugs,8.26,NA,NA,0,0,0,0,0,0,0,0,0,0,0,0,0,0,0,0,0,0,
10/6/05,11/28/05,2005-2006,fall,Mike Creek,mc,control,6,p,0.17,0.06,No bugs,9.95,NA,NA,0,0,0,0,0,0,0,0,0,0,0,0,0,0,0,0,0,0,
11/28/05,3/30/06,2005-2006,spring,Mike Creek,mc,control,4,rn,0.14,0.05,NA,21.4,NA,NA,0,0,0,0,0,0,0,0,0,0,0,0,0,0,0,0,0,0,sampled by P.Kiffney and X. Pinto
10/10/06,2/2/07,2006-2007,winter,Mike Creek,mc,control,4,NA,NA,NA,flipped,NA,NA,NA,0,0,0,0,0,0,0,0,0,0,0,0,0,0,0,0,0,0,
10/10/06,2/2/07,2006-2007,winter,Mike Creek,mc,control,5,NA,NA,NA,flipped,NA,NA,NA,0,0,0,0,0,0,0,0,0,0,0,0,0,0,0,0,0,0,
10/10/06,2/2/07,2006-2007,winter,Mike Creek,mc,control,6,NA,NA,NA,missing,NA,NA,NA,0,0,0,0,0,0,0,0,0,0,0,0,0,0,0,0,0,0,sampled by P.Kiffney and X. Pinto
11/11/04,1/27/05,2004-2005,winter,Spring Creek,sc,control,5,rn,0.12,0.01,flipped,NA,NA,NA,0,0,0,0,0,0,0,0,0,0,0,0,0,0,0,0,0,0,
1/28/05,4/8/05,2004-2005,spring,Spring Creek,sc,control,2,p,0.37,NA,NA,8.9,NA,NA,0,0,0,0,0,0,0,0,0,0,0,0,0,0,0,0,0,0,
1/28/05,4/8/05,2004-2005,spring,Spring Creek,sc,control,5,r,0.1,0.02,NA,11,NA,NA,0,0,0,0,0,0,0,0,0,0,0,0,0,0,0,0,0,0,
1/28/05,4/8/05,2004-2005,spring,Spring Creek,sc,control,6,NA,NA,NA,no sample,NA,NA,NA,0,0,0,0,0,0,0,0,0,0,0,0,0,0,0,0,0,0,
4/8/05,7/6/05,2004-2005,summer,Spring Creek,sc,control,5,rn,0.16,0.05,NA,16.9,NA,NA,0,0,0,0,0,0,0,0,0,0,0,0,0,0,0,0,0,0,
4/8/05,7/6/05,2004-2005,summer,Spring Creek,sc,control,6,NA,NA,NA,lost,NA,NA,NA,0,0,0,0,0,0,0,0,0,0,0,0,0,0,0,0,0,0,
10/6/05,11/28/05,2005-2006,fall,Spring Creek,sc,control,2,p,0.16,0.01,No bugs-3/4 covered in gravel,7.06,NA,NA,0,0,0,0,0,0,0,0,0,0,0,0,0,0,0,0,0,0,
10/6/05,11/28/05,2005-2006,fall,Spring Creek,sc,control,3,p,0.23,0.01,No bugs,6.2,NA,NA,0,0,0,0,0,0,0,0,0,0,0,0,0,0,0,0,0,0,
10/6/05,11/28/05,2005-2006,fall,Spring Creek,sc,control,4,rn,0.14,0.14,No bugs,5.6,NA,NA,0,0,0,0,0,0,0,0,0,0,0,0,0,0,0,0,0,0,
10/6/05,11/28/05,2005-2006,fall,Spring Creek,sc,control,5,p,0.16,0.01,No bugs,5.9,NA,NA,0,0,0,0,0,0,0,0,0,0,0,0,0,0,0,0,0,0,
10/6/05,11/28/05,2005-2006,fall,Spring Creek,sc,control,6,p,0.14,0.01,No bugs,5.17,NA,NA,0,0,0,0,0,0,0,0,0,0,0,0,0,0,0,0,0,0,
11/28/05,3/30/06,2005-2006,spring,Spring Creek,sc,control,2,p,0.02,NA,NA,16.7,NA,NA,0,0,0,0,0,0,0,0,0,0,0,0,0,0,0,0,0,0,
11/28/05,3/30/06,2005-2006,spring,Spring Creek,sc,control,3,p,0.24,0.005,NA,15.3,NA,NA,0,0,0,0,0,0,0,0,0,0,0,0,0,0,0,0,0,0,
11/28/05,3/30/06,2005-2006,spring,Spring Creek,sc,control,5,rn,0.17,NA,NA,11.8,NA,NA,0,0,0,0,0,0,0,0,0,0,0,0,0,0,0,0,0,0,
11/28/05,3/30/06,2005-2006,spring,Spring Creek,sc,control,6,p,0.07,0.005,NA,12.9,NA,NA,0,0,0,0,0,0,0,0,0,0,0,0,0,0,0,0,0,0,
10/10/06,2/2/07,2006-2007,winter,Spring Creek,sc,control,3,p,0.24,0.01,NA,NA,NA,NA,0,0,0,0,0,0,0,0,0,0,0,0,0,0,0,0,0,0,
10/10/06,2/2/07,2006-2007,winter,Spring Creek,sc,control,6,NA,NA,NA,missing,NA,NA,NA,0,0,0,0,0,0,0,0,0,0,0,0,0,0,0,0,0,0,
12/12/03,6/25/04,2003-2004,summer,East Creek,ec,control,1,r,NA,NA,NA,NA,normal,chironomids,1,0,0,1,0,0,0,0,0,0,0,0,0,0,3,3,0.031907945,0.031907945,1 ameletus at 5mm
12/12/03,6/25/04,2003-2004,summer,East Creek,ec,control,5,rn,NA,NA,NA,NA,ameletus,mayflies,1,0,0,0,0,1,0,0,0,0,0,0,0,0,5,5,0.78709923,0.78709923,1 ameletus at 7mm
12/12/03,6/25/04,2003-2004,summer,East Creek,ec,control,3,rn,NA,NA,NA,NA,ameletus,mayflies,1,0,0,0,0,0,0,1,0,0,0,0,0,0,7,7,2.070844983,2.070844983,1 ameletus at 5mm
11/11/04,1/27/05,2004-2005,winter,East Creek,ec,control,3,r,0.22,0.14,NA,NA,baetidae,mayflies,1,0,1,0,0,0,0,0,0,0,0,0,0,0,2,2,0.038880971,0.038880971,
11/11/04,1/27/05,2004-2005,winter,East Creek,ec,control,2,r,0.07,0.35,flipped,NA,hept,mayflies,1,0,1,0,0,0,0,0,0,0,0,0,0,0,2,2,0.072855168,0.072855168,
1/28/05,4/8/05,2004-2005,spring,East Creek,ec,control,5,r,0.27,0.26,NA,5.2,hept,mayflies,1,1,0,0,0,0,0,0,0,0,0,0,0,0,1,1,0.0108,0.0108,
1/28/05,4/8/05,2004-2005,spring,East Creek,ec,control,3,p,0.2,0.06,NA,15,gloss,caddisflies,1,0,0,0,0,1,0,0,0,0,0,0,0,0,5,5,0.958003565,0.958003565,
11/28/05,3/30/06,2005-2006,spring,East Creek,ec,control,2,r,0.2,0.09,NA,7.5,hept,mayflies,1,1,0,0,0,0,0,0,0,0,0,0,0,0,1,1,0.0108,0.0108,
11/28/05,3/30/06,2005-2006,spring,East Creek,ec,control,6,r,0.24,0.01,NA,31.6,normal,chironomids,1,0,0,1,0,0,0,0,0,0,0,0,0,0,3,3,0.031907945,0.031907945,
11/28/05,3/30/06,2005-2006,spring,East Creek,ec,control,7,p,0.12,0.005,NA,38,neophylax,caddisflies,1,0,0,1,0,0,0,0,0,0,0,0,0,0,3,3,0.100335965,0.100335965,
11/28/05,3/30/06,2005-2006,spring,East Creek,ec,control,4,rn,0.15,0.01,NA,18.9,baetidae,mayflies,1,0,0,0,1,0,0,0,0,0,0,0,0,0,4,4,0.285232064,0.285232064,
11/28/05,3/30/06,2005-2006,spring,East Creek,ec,control,2,r,0.2,0.09,NA,7.5,gloss,caddisflies,1,0,0,0,0,0,1,0,0,0,0,0,0,0,6,6,1.642802106,1.642802106,
10/10/06,2/2/07,2006-2007,winter,East Creek,ec,control,3,rn,0.22,0.01,NA,NA,hept,mayflies,1,1,0,0,0,0,0,0,0,0,0,0,0,0,1,1,0.0108,0.0108,
10/10/06,2/2/07,2006-2007,winter,East Creek,ec,control,1,r,0.05,0.36,NA,NA,baetidae,mayflies,1,0,0,0,1,0,0,0,0,0,0,0,0,0,4,4,0.285232064,0.285232064,
10/10/06,2/2/07,2006-2007,winter,East Creek,ec,control,1,r,0.05,0.36,NA,NA,nemourid,stonefly,1,0,1,0,0,0,0,0,0,0,0,0,0,0,2,2,6.672425657,6.672425657,1 nemouridae@3mm
10/10/06,2/2/07,2006-2007,winter,East Creek,ec,control,3,rn,0.22,0.01,NA,NA,stonefly,stonefly,1,0,0,0,0,0,1,0,0,0,0,0,0,0,6,6,134.8397719,134.8397719,1 nemouridae@2
2/2/07,4/16/07,2006-2007,spring,East Creek,ec,control,4,r,0.08,0.11,flipped,6.5,neophylax,caddisflies,1,1,0,0,0,0,0,0,0,0,0,0,0,0,1,1,0.004,0.004,
2/2/07,4/16/07,2006-2007,spring,East Creek,ec,control,3,rn,0.26,0.05,NA,3.6,neophylax,caddisflies,1,0,0,0,1,0,0,0,0,0,0,0,0,0,4,4,0.233293128,0.233293128,
8/27/07,2/14/08,2007-2008,winter,East Creek,ec,control,3,p,0.27,0.04,NA,3.46,hept,mayflies,1,1,0,0,0,0,0,0,0,0,0,0,0,0,1,1,0.0108,0.0108,
8/27/07,2/14/08,2007-2008,winter,East Creek,ec,control,6,rn,0.13,0.2,NA,6.8,baetidae,mayflies,1,0,0,1,0,0,0,0,0,0,0,0,0,0,3,3,0.124738201,0.124738201,
8/27/07,2/14/08,2007-2008,winter,East Creek,ec,control,1,r,0.14,0.37,NA,1.29,gloss,caddisflies,1,0,0,0,1,0,0,0,0,0,0,0,0,0,4,4,0.495116394,0.495116394,
8/27/07,2/14/08,2007-2008,winter,East Creek,ec,control,3,p,0.27,0.04,NA,3.46,gloss,caddisflies,1,0,0,0,0,1,0,0,0,0,0,0,0,0,5,5,0.958003565,0.958003565,
2/14/08,4/16/08,2007-2008,spring,East Creek,ec,control,4,p,0.23,0.01,NA,NA,hept,mayflies,1,1,0,0,0,0,0,0,0,0,0,0,0,0,1,1,0.0108,0.0108,
11/11/04,1/27/05,2004-2005,winter,Mirror Creek,j,thinned,1,rn,0.16,0.01,NA,NA,neophylax,caddisflies,1,1,0,0,0,0,0,0,0,0,0,0,0,0,1,1,0.004,0.004,fish
11/11/04,1/27/05,2004-2005,winter,Mirror Creek,j,thinned,4,rn,0.07,0.17,NA,NA,T,chironomids,1,0,1,0,0,0,0,0,0,0,0,0,0,0,2,2,0.011042515,0.011042515,
11/11/04,1/27/05,2004-2005,winter,Mirror Creek,j,thinned,4,rn,0.07,0.17,NA,NA,baetidae,mayflies,1,0,0,0,1,0,0,0,0,0,0,0,0,0,4,4,0.285232064,0.285232064,
1/28/05,4/8/05,2004-2005,spring,Mirror Creek,j,thinned,2,p,0.32,0.08,NA,27,chironomids,chironomids,1,0,1,0,0,0,0,0,0,0,0,0,0,0,2,2,0.011042515,0.011042515,
1/28/05,4/8/05,2004-2005,spring,Mirror Creek,j,thinned,2,p,0.32,0.08,NA,27,normal,chironomids,1,0,1,0,0,0,0,0,0,0,0,0,0,0,2,2,0.011042515,0.011042515,
1/28/05,4/8/05,2004-2005,spring,Mirror Creek,j,thinned,2,p,0.32,0.08,NA,27,hept,mayflies,1,0,0,0,0,1,0,0,0,0,0,0,0,0,5,5,9.086301584,9.086301584,
4/8/05,7/6/05,2004-2005,summer,Mirror Creek,j,thinned,1,p,0.14,0.04,NA,209.9,chironomids,chironomids,1,0,1,0,0,0,0,0,0,0,0,0,0,0,2,2,0.011042515,0.011042515,1 caddisfly (wood case) @6mm
4/8/05,7/6/05,2004-2005,summer,Mirror Creek,j,thinned,5,p,0.1,0.03,NA,191.04,normal,chironomids,1,0,0,0,0,1,0,0,0,0,0,0,0,0,5,5,0.121472231,0.121472231,
4/8/05,7/6/05,2004-2005,summer,Mirror Creek,j,thinned,1,p,0.14,0.04,NA,209.9,caddisfly,caddisflies,1,0,0,0,0,0,1,0,0,0,0,0,0,0,6,6,1.642802106,1.642802106,1 caddisfly (wood case) @6mm
4/8/05,7/6/05,2004-2005,summer,Mirror Creek,j,thinned,6,p,0.13,0.01,NA,119.38,caddisfly,caddisflies,1,0,0,0,0,0,1,0,0,0,0,0,0,0,6,6,1.642802106,1.642802106,"1 caddisfly (wood case) @6mm, 1 zapada @3mm"
4/8/05,7/6/05,2004-2005,summer,Mirror Creek,j,thinned,4,rn,0.1,0.13,NA,199.69,nemourid,stonefly,1,0,0,1,0,0,0,0,0,0,0,0,0,0,3,3,20.23024346,20.23024346,1 zapada @3mm
4/8/05,7/6/05,2004-2005,summer,Mirror Creek,j,thinned,6,p,0.13,0.01,NA,119.38,nemourid,stonefly,1,0,0,1,0,0,0,0,0,0,0,0,0,0,3,3,20.23024346,20.23024346,"1 caddisfly (wood case) @6mm, 1 zapada @3mm"
4/8/05,7/6/05,2004-2005,summer,Mirror Creek,j,thinned,2,rn,0.22,0.01,NA,88.06,nemourid,stonefly,1,0,0,0,1,0,0,0,0,0,0,0,0,0,4,4,44.45216434,44.45216434,1 zapada @4mm
11/28/05,3/30/06,2005-2006,spring,Mirror Creek,j,thinned,3,rn,0.12,0.11,NA,131.7,chironomids,chironomids,1,0,0,1,0,0,0,0,0,0,0,0,0,0,3,3,0.031907945,0.031907945,
10/10/06,2/2/07,2006-2007,winter,Mirror Creek,j,thinned,3,r,0.07,0.03,NA,NA,neophylax,caddisflies,1,1,0,0,0,0,0,0,0,0,0,0,0,0,1,1,0.004,0.004,
10/10/06,2/2/07,2006-2007,winter,Mirror Creek,j,thinned,5,rn,0.07,0.02,no bugs,NA,baetidae,mayflies,1,0,1,0,0,0,0,0,0,0,0,0,0,0,2,2,0.038880971,0.038880971,
10/10/06,2/2/07,2006-2007,winter,Mirror Creek,j,thinned,5,rn,0.07,0.02,no bugs,NA,neophylax,caddisflies,1,0,0,1,0,0,0,0,0,0,0,0,0,0,3,3,0.100335965,0.100335965,
10/10/06,2/2/07,2006-2007,winter,Mirror Creek,j,thinned,6,r,0.03,0.1,NA,NA,gloss,caddisflies,1,0,0,0,0,0,1,0,0,0,0,0,0,0,6,6,1.642802106,1.642802106,
10/10/06,2/2/07,2006-2007,winter,Mirror Creek,j,thinned,5,rn,0.07,0.02,no bugs,NA,hept,mayflies,1,0,0,0,0,0,0,1,0,0,0,0,0,0,7,7,22.9521703,22.9521703,
2/2/07,4/16/07,2006-2007,spring,Mirror Creek,j,thinned,1,r,0.12,0.1,NA,NA,nemourid,stonefly,1,0,0,1,0,0,0,0,0,0,0,0,0,0,3,3,20.23024346,20.23024346,1 nemouridae@3
4/16/07,8/28/07,2006-2007,summer,Mirror Creek,j,thinned,1,p,0.1,0.01,NA,NA,amphipod,NA,1,0,1,0,0,0,0,0,0,0,0,0,0,0,2,2,0.045068668,0.045068668,1 amphipod?@2mm
4/16/07,8/28/07,2006-2007,summer,Mirror Creek,j,thinned,3,rn,0.05,0.02,NA,NA,amphipod,NA,1,0,1,0,0,0,0,0,0,0,0,0,0,0,2,2,0.045068668,0.045068668,1 amphipod?@2mm
4/16/07,8/28/07,2006-2007,summer,Mirror Creek,j,thinned,5,r,0.02,0.15,3/4 buried,NA,pearly,chironomids,1,0,0,0,1,0,0,0,0,0,0,0,0,0,4,4,0.067742856,0.067742856,1 nemouridae@10
4/16/07,8/28/07,2006-2007,summer,Mirror Creek,j,thinned,3,rn,0.05,0.02,NA,NA,hept,mayflies,1,0,0,0,1,0,0,0,0,0,0,0,0,0,4,4,4.914699531,4.914699531,1 amphipod?@2mm
4/16/07,8/28/07,2006-2007,summer,Mirror Creek,j,thinned,5,r,0.02,0.15,3/4 buried,NA,nemourid,stonefly,1,0,0,0,0,0,0,0,0,0,1,0,0,0,10,10,545.7634611,545.7634611,1 nemouridae@10
8/28/07,2/21/08,2007-2008,winter,Mirror Creek,j,thinned,6,rn,0.15,0.16,NA,NA,normal,chironomids,1,0,1,0,0,0,0,0,0,0,0,0,0,0,2,2,0.011042515,0.011042515,
8/28/07,2/21/08,2007-2008,winter,Mirror Creek,j,thinned,4,r,0.12,0.1,NA,NA,simuliidae,blackflies,1,0,0,0,0,1,0,0,0,0,0,0,0,0,5,5,0.254465365,0.254465365,
8/28/07,2/21/08,2007-2008,winter,Mirror Creek,j,thinned,3,r,0.11,0.18,NA,NA,hept,mayflies,1,0,0,0,1,0,0,0,0,0,0,0,0,0,4,4,4.914699531,4.914699531,
8/28/07,2/21/08,2007-2008,winter,Mirror Creek,j,thinned,4,r,0.12,0.1,NA,NA,hept,mayflies,1,0,0,0,0,1,0,0,0,0,0,0,0,0,5,5,9.086301584,9.086301584,
2/21/08,4/18/08,2007-2008,spring,Mirror Creek,j,thinned,6,r,0.03,0.37,NA,NA,chironomids,chironomids,1,1,0,0,0,0,0,0,0,0,0,0,0,0,1,1,0.0018,0.0018,
2/21/08,4/18/08,2007-2008,spring,Mirror Creek,j,thinned,6,r,0.03,0.37,NA,NA,neophylax,caddisflies,1,1,0,0,0,0,0,0,0,0,0,0,0,0,1,1,0.004,0.004,
2/21/08,4/18/08,2007-2008,spring,Mirror Creek,j,thinned,2,p,0.2,0.01,"sun, hail and snow",NA,pearly,chironomids,1,0,1,0,0,0,0,0,0,0,0,0,0,0,2,2,0.011042515,0.011042515,
2/21/08,4/18/08,2007-2008,spring,Mirror Creek,j,thinned,3,rn,0.08,0.07,NA,NA,neophylax,caddisflies,1,0,1,0,0,0,0,0,0,0,0,0,0,0,2,2,0.030547872,0.030547872,1 nemouridae @ 2
2/21/08,4/18/08,2007-2008,spring,Mirror Creek,j,thinned,4,rn,0.13,0.05,NA,NA,neophylax,caddisflies,1,0,1,0,0,0,0,0,0,0,0,0,0,0,2,2,0.030547872,0.030547872,
2/21/08,4/18/08,2007-2008,spring,Mirror Creek,j,thinned,5,p,0.18,0.01,NA,NA,neophylax,caddisflies,1,0,1,0,0,0,0,0,0,0,0,0,0,0,2,2,0.030547872,0.030547872,
2/21/08,4/18/08,2007-2008,spring,Mirror Creek,j,thinned,3,rn,0.08,0.07,NA,NA,baetidae,mayflies,1,0,0,1,0,0,0,0,0,0,0,0,0,0,3,3,0.124738201,0.124738201,1 nemouridae @ 2
2/21/08,4/18/08,2007-2008,spring,Mirror Creek,j,thinned,3,rn,0.08,0.07,NA,NA,nemourid,stonefly,1,0,1,0,0,0,0,0,0,0,0,0,0,0,2,2,6.672425657,6.672425657,1 nemouridae @ 2
2/21/08,4/18/08,2007-2008,spring,Mirror Creek,j,thinned,6,r,0.03,0.37,NA,NA,hept,mayflies,1,0,0,0,0,1,0,0,0,0,0,0,0,0,5,5,9.086301584,9.086301584,
12/12/03,6/25/04,2003-2004,summer,Griffiths,k,thinned,4,rn,NA,NA,NA,NA,normal,chironomids,1,0,0,1,0,0,0,0,0,0,0,0,0,0,3,3,0.031907945,0.031907945,"1 ""cone"" caddisfly at 4mm"
12/12/03,6/25/04,2003-2004,summer,Griffiths,k,thinned,1,rn,NA,NA,NA,NA,T,chironomids,1,0,0,0,0,1,0,0,0,0,0,0,0,0,5,5,0.121472231,0.121472231,
12/12/03,6/25/04,2003-2004,summer,Griffiths,k,thinned,4,rn,NA,NA,NA,NA,caddisfly,caddisflies,1,0,0,0,1,0,0,0,0,0,0,0,0,0,4,4,0.495116394,0.495116394,"1 ""cone"" caddisfly at 4mm"
12/12/03,6/25/04,2003-2004,summer,Griffiths,k,thinned,5,p,NA,NA,NA,NA,hept,mayflies,1,0,0,0,0,0,0,1,0,0,0,0,0,0,7,7,22.9521703,22.9521703,
9/15/04,11/12/04,2004-2005,fall,Griffiths,k,thinned,4,r,0.18,0.66,on it's side,NA,gloss,caddisflies,1,0,0,0,1,0,0,0,0,0,0,0,0,0,4,4,0.495116394,0.495116394,leetch
9/15/04,11/12/04,2004-2005,fall,Griffiths,k,thinned,5,r,0.1,0.05,covered in tree branches,NA,gloss,caddisflies,1,0,0,0,1,0,0,0,0,0,0,0,0,0,4,4,0.495116394,0.495116394,
9/15/04,11/12/04,2004-2005,fall,Griffiths,k,thinned,5,r,0.1,0.05,covered in tree branches,NA,hept,mayflies,1,0,1,0,0,0,0,0,0,0,0,0,0,0,2,2,0.728551679,0.728551679,
9/15/04,11/12/04,2004-2005,fall,Griffiths,k,thinned,2,rn,0.13,0.39,NA,NA,hept,mayflies,1,0,0,0,0,0,0,0,0,0,0,1,0,0,15,15,187.2315717,187.2315717,
11/12/04,1/28/05,2004-2005,winter,Griffiths,k,thinned,1,r,0.04,0.07,NA,NA,T,chironomids,1,0,0,1,0,0,0,0,0,0,0,0,0,0,3,3,0.031907945,0.031907945,
11/12/04,1/28/05,2004-2005,winter,Griffiths,k,thinned,4,r,0.07,0.38,flipped,NA,simuliidae,blackflies,1,0,0,0,0,1,0,0,0,0,0,0,0,0,5,5,0.254465365,0.254465365,
11/12/04,1/28/05,2004-2005,winter,Griffiths,k,thinned,2,p,0.07,NA,flipped,NA,gloss,caddisflies,1,0,0,0,1,0,0,0,0,0,0,0,0,0,4,4,0.495116394,0.495116394,
11/12/04,1/28/05,2004-2005,winter,Griffiths,k,thinned,4,r,0.07,0.38,flipped,NA,gloss,caddisflies,1,0,0,0,0,0,1,0,0,0,0,0,0,0,6,6,1.642802106,1.642802106,
1/28/05,4/7/05,2004-2005,spring,Griffiths,k,thinned,6,p,0.15,0.09,flipped,NA,chironomids,chironomids,1,0,0,1,0,0,0,0,0,0,0,0,0,0,3,3,0.031907945,0.031907945,
1/28/05,4/7/05,2004-2005,spring,Griffiths,k,thinned,5,rn,0.09,0.34,NA,NA,normal,chironomids,1,0,0,1,0,0,0,0,0,0,0,0,0,0,3,3,0.031907945,0.031907945,
1/28/05,4/7/05,2004-2005,spring,Griffiths,k,thinned,3,r,0.1,0.43,NA,NA,gloss,caddisflies,1,0,0,0,0,1,0,0,0,0,0,0,0,0,5,5,0.958003565,0.958003565,
1/28/05,4/7/05,2004-2005,spring,Griffiths,k,thinned,3,r,0.1,0.43,NA,NA,hept,mayflies,1,0,0,0,1,0,0,0,0,0,0,0,0,0,4,4,4.914699531,4.914699531,
4/8/05,7/6/05,2004-2005,summer,Griffiths,k,thinned,1,rn,0.07,0.19,NA,106.4,chironomids,chironomids,1,1,0,0,0,0,0,0,0,0,0,0,0,0,1,1,0.0018,0.0018,sample leaked out of cannister
4/8/05,7/6/05,2004-2005,summer,Griffiths,k,thinned,5,rn,0.07,0.19,NA,190.5,nemourid,stonefly,1,0,0,0,1,0,0,0,0,0,0,0,0,0,4,4,44.45216434,44.45216434,1 nemouridae@4mm
10/6/05,12/6/05,2005-2006,winter,Griffiths,k,thinned,4,r,0.01,0.27,NA,54.85,hept,mayflies,1,1,0,0,0,0,0,0,0,0,0,0,0,0,1,1,0.108,0.108,
10/6/05,12/6/05,2005-2006,winter,Griffiths,k,thinned,2,r,0.06,0.05,25% buried,57.5,gloss,caddisflies,1,0,0,0,0,0,1,0,0,0,0,0,0,0,6,6,1.642802106,1.642802106,
12/6/05,4/3/06,2005-2006,spring,Griffiths,k,thinned,4,r,0.05,0.35,time 9:30,58.96,neophylax,caddisflies,1,0,1,0,0,0,0,0,0,0,0,0,0,0,2,2,0.030547872,0.030547872,
12/6/05,4/3/06,2005-2006,spring,Griffiths,k,thinned,3,r,0.05,0.23,time 9:30; no sample (dropped),78.99,baetidae,mayflies,1,0,1,0,0,0,0,0,0,0,0,0,0,0,2,2,0.038880971,0.038880971,
12/6/05,4/3/06,2005-2006,spring,Griffiths,k,thinned,1,r,0.05,0.11,time 9:30,120.81,baetidae,mayflies,1,0,0,1,0,0,0,0,0,0,0,0,0,0,3,3,0.124738201,0.124738201,
12/6/05,4/3/06,2005-2006,spring,Griffiths,k,thinned,3,r,0.05,0.23,time 9:30; no sample (dropped),78.99,gloss,caddisflies,1,0,0,1,0,0,0,0,0,0,0,0,0,0,3,3,0.211416327,0.211416327,
12/6/05,4/3/06,2005-2006,spring,Griffiths,k,thinned,3,r,0.05,0.23,time 9:30; no sample (dropped),78.99,hept,mayflies,1,0,0,0,1,0,0,0,0,0,0,0,0,0,4,4,4.914699531,4.914699531,
12/6/05,4/3/06,2005-2006,spring,Griffiths,k,thinned,1,r,0.05,0.11,time 9:30,120.81,hept,mayflies,1,0,0,0,0,0,0,0,0,0,1,0,0,0,10,10,61.29481738,61.29481738,
10/10/06,2/2/07,2006-2007,winter,Griffiths,k,thinned,1,rn,0.07,0.07,NA,NA,neophylax,caddisflies,1,0,1,0,0,0,0,0,0,0,0,0,0,0,2,2,0.030547872,0.030547872,
10/10/06,2/2/07,2006-2007,winter,Griffiths,k,thinned,4,r,0.05,0.25,NA,NA,baetidae,mayflies,1,0,0,0,1,0,0,0,0,0,0,0,0,0,4,4,0.285232064,0.285232064,
10/10/06,2/2/07,2006-2007,winter,Griffiths,k,thinned,4,r,0.05,0.25,NA,NA,gloss,caddisflies,1,0,0,0,0,1,0,0,0,0,0,0,0,0,5,5,0.958003565,0.958003565,
10/10/06,2/2/07,2006-2007,winter,Griffiths,k,thinned,5,rn,0.04,0.23,NA,NA,gloss,caddisflies,1,0,0,0,0,1,0,0,0,0,0,0,0,0,5,5,0.958003565,0.958003565,
2/2/07,4/16/07,2006-2007,spring,Griffiths,k,thinned,4,rn,0.1,0.05,flipped,43.3,neophylax,caddisflies,1,1,0,0,0,0,0,0,0,0,0,0,0,0,1,1,0.004,0.004,
2/2/07,4/16/07,2006-2007,spring,Griffiths,k,thinned,4,rn,0.1,0.05,flipped,43.3,chironomids,chironomids,1,0,1,0,0,0,0,0,0,0,0,0,0,0,2,2,0.011042515,0.011042515,
2/2/07,4/16/07,2006-2007,spring,Griffiths,k,thinned,3,r,0.05,0.25,buried and flipped,43.3,normal,chironomids,1,0,0,1,0,0,0,0,0,0,0,0,0,0,3,3,0.031907945,0.031907945,
2/2/07,4/16/07,2006-2007,spring,Griffiths,k,thinned,1,r,0.04,0.03,NA,101.4,gloss,caddisflies,1,0,0,0,1,0,0,0,0,0,0,0,0,0,4,4,0.495116394,0.495116394,
2/2/07,4/16/07,2006-2007,spring,Griffiths,k,thinned,3,r,0.05,0.25,buried and flipped,43.3,hept,mayflies,1,0,1,0,0,0,0,0,0,0,0,0,0,0,2,2,0.728551679,0.728551679,
2/2/07,4/16/07,2006-2007,spring,Griffiths,k,thinned,4,rn,0.1,0.05,flipped,43.3,gloss,caddisflies,1,0,0,0,0,0,0,0,1,0,0,0,0,0,8,8,3.847282118,3.847282118,
8/27/07,2/22/08,2007-2008,winter,Griffiths,k,thinned,4,rn,0.07,0.32,NA,NA,neophylax,caddisflies,1,0,0,1,0,0,0,0,0,0,0,0,0,0,3,3,0.100335965,0.100335965,
8/27/07,2/22/08,2007-2008,winter,Griffiths,k,thinned,5,r,0.1,0.37,NA,NA,gloss,caddisflies,1,0,0,0,1,0,0,0,0,0,0,0,0,0,4,4,0.495116394,0.495116394,
8/27/07,2/22/08,2007-2008,winter,Griffiths,k,thinned,3,r,0.12,0.26,PAR meter malfunctioning - PAR estimate ~140 umoles/m-2s-1,NA,gloss,caddisflies,1,0,0,0,0,1,0,0,0,0,0,0,0,0,5,5,0.958003565,0.958003565,
8/27/07,2/22/08,2007-2008,winter,Griffiths,k,thinned,6,r,0.15,0.25,NA,NA,gloss,caddisflies,1,0,0,0,0,0,0,0,0,0,1,0,0,0,10,10,7.444128347,7.444128347,
2/21/08,4/17/08,2007-2008,spring,Griffiths,k,thinned,2,rn,0.1,0.05,NA,NA,gloss,caddisflies,1,0,0,0,0,1,0,0,0,0,0,0,0,0,5,5,0.958003565,0.958003565,
2/21/08,4/17/08,2007-2008,spring,Griffiths,k,thinned,1,p,0.11,0.01,PAR meter malfunctioning - PAR estimate ~140 umoles/m-2s-1,NA,gloss,caddisflies,1,0,0,0,0,0,1,0,0,0,0,0,0,0,6,6,1.642802106,1.642802106,
2/21/08,4/17/08,2007-2008,spring,Griffiths,k,thinned,2,rn,0.1,0.05,NA,NA,hept,mayflies,1,0,0,1,0,0,0,0,0,0,0,0,0,0,3,3,2.225438981,2.225438981,
2/21/08,4/17/08,2007-2008,spring,Griffiths,k,thinned,5,rn,0.04,0.15,NA,NA,hept,mayflies,1,0,0,0,1,0,0,0,0,0,0,0,0,0,4,4,4.914699531,4.914699531,
12/12/03,6/25/04,2003-2004,summer,Roy/Sidle,l,thinned,5,p,NA,NA,NA,NA,normal,chironomids,1,0,0,1,0,0,0,0,0,0,0,0,0,0,3,3,0.031907945,0.031907945,
9/15/04,11/12/04,2004-2005,fall,Roy/Sidle,l,thinned,2,p,0.17,0.03,on it's side,NA,normal,chironomids,1,1,0,0,0,0,0,0,0,0,0,0,0,0,1,1,0.0018,0.0018,
9/15/04,11/12/04,2004-2005,fall,Roy/Sidle,l,thinned,4,rn,0.12,0.47,NA,NA,normal,chironomids,1,0,0,1,0,0,0,0,0,0,0,0,0,0,3,3,0.031907945,0.031907945,
9/15/04,11/12/04,2004-2005,fall,Roy/Sidle,l,thinned,6,p,0.13,0.01,NA,NA,normal,chironomids,1,0,0,1,0,0,0,0,0,0,0,0,0,0,3,3,0.031907945,0.031907945,
11/12/04,1/28/05,2004-2005,winter,Roy/Sidle,l,thinned,1,r,0.14,0.03,broken 1/5,NA,simuliidae,blackflies,1,0,0,0,0,0,1,0,0,0,0,0,0,0,6,6,0.440598902,0.440598902,
10/6/05,12/7/05,2005-2006,winter,Roy/Sidle,l,thinned,5,r,0.03,0.15,Tilted 20 degrees,40.68,chironomids,chironomids,1,0,0,0,1,0,0,0,0,0,0,0,0,0,4,4,0.067742856,0.067742856,
10/6/05,12/7/05,2005-2006,winter,Roy/Sidle,l,thinned,6,r,0.06,0.12,Tilted 75 degrees,67.37,gloss,caddisflies,1,0,0,0,0,1,0,0,0,0,0,0,0,0,5,5,0.958003565,0.958003565,
12/7/05,4/4/06,2005-2006,spring,Roy/Sidle,l,thinned,4,p,0.31,0.02,time 11:00,1250,ceratopogonidae,NA,1,0,0,0,1,0,0,0,0,0,0,0,0,0,4,4,0.076634817,0.076634817,1 ceratopogonidae@4
12/7/05,4/4/06,2005-2006,spring,Roy/Sidle,l,thinned,4,p,0.31,0.02,time 11:00,1250,neophylax,caddisflies,1,0,0,1,0,0,0,0,0,0,0,0,0,0,3,3,0.100335965,0.100335965,1 ceratopogonidae@4
12/7/05,4/4/06,2005-2006,spring,Roy/Sidle,l,thinned,1,p,0.17,0.02,time 11:00,NA,neophylax,caddisflies,1,0,0,0,1,0,0,0,0,0,0,0,0,0,4,4,0.233293128,0.233293128,
12/7/05,4/4/06,2005-2006,spring,Roy/Sidle,l,thinned,5,r,0.01,NA,time 11:00; very shallow,1177,gloss,caddisflies,1,0,0,0,0,0,0,1,0,0,0,0,0,0,7,7,2.591873819,2.591873819,
12/7/05,4/4/06,2005-2006,spring,Roy/Sidle,l,thinned,4,p,0.31,0.02,time 11:00,1250,hept,mayflies,1,0,0,0,1,0,0,0,0,0,0,0,0,0,4,4,4.914699531,4.914699531,1 ceratopogonidae@4
2/2/07,4/16/07,2006-2007,spring,Roy/Sidle,l,thinned,3,r,0.05,0.1,NA,11.3,normal,chironomids,1,0,1,0,0,0,0,0,0,0,0,0,0,0,2,2,0.011042515,0.011042515,
8/27/07,2/22/08,2007-2008,winter,Roy/Sidle,l,thinned,3,r,0.09,0.31,PAR meter malfunctioning - PAR estimate ~100 umoles/m-2s-1,NA,neophylax,caddisflies,1,0,1,0,0,0,0,0,0,0,0,0,0,0,2,2,0.030547872,0.030547872,
8/27/07,2/22/08,2007-2008,winter,Roy/Sidle,l,thinned,3,r,0.09,0.31,PAR meter malfunctioning - PAR estimate ~100 umoles/m-2s-1,NA,baetidae,mayflies,1,0,0,1,0,0,0,0,0,0,0,0,0,0,3,3,0.124738201,0.124738201,
2/21/08,4/16/08,2007-2008,spring,Roy/Sidle,l,thinned,2,r,0.13,0.26,sample leaked,NA,chironomids,chironomids,1,1,0,0,0,0,0,0,0,0,0,0,0,0,1,1,0.0018,0.0018,
2/21/08,4/16/08,2007-2008,spring,Roy/Sidle,l,thinned,3,r,0.06,0.1,NA,NA,chironomids,chironomids,1,0,1,0,0,0,0,0,0,0,0,0,0,0,2,2,0.011042515,0.011042515,
2/21/08,4/16/08,2007-2008,spring,Roy/Sidle,l,thinned,4,r,0.06,0.35,NA,NA,chironomids,chironomids,1,0,1,0,0,0,0,0,0,0,0,0,0,0,2,2,0.011042515,0.011042515,
2/21/08,4/16/08,2007-2008,spring,Roy/Sidle,l,thinned,3,r,0.06,0.1,NA,NA,baetidae,mayflies,1,0,1,0,0,0,0,0,0,0,0,0,0,0,2,2,0.038880971,0.038880971,
2/21/08,4/16/08,2007-2008,spring,Roy/Sidle,l,thinned,4,r,0.06,0.35,NA,NA,simuliidae,blackflies,1,0,0,0,0,0,0,1,0,0,0,0,0,0,7,7,0.700842119,0.700842119,
12/12/03,6/25/04,2003-2004,summer,Mike Creek,mc,control,2,r,NA,NA,NA,NA,normal,chironomids,1,0,0,1,0,0,0,0,0,0,0,0,0,0,3,3,0.031907945,0.031907945,
12/12/03,6/25/04,2003-2004,summer,Mike Creek,mc,control,1,r,NA,NA,NA,NA,nemourid,stonefly,1,1,0,0,0,0,0,0,0,0,0,0,0,0,1,1,1.0056,1.0056,1 nemouridae@5mm and 3 nemouridae @1mm
11/11/04,1/27/05,2004-2005,winter,Mike Creek,mc,control,1,r,0.15,0.15,flipped,NA,neophylax,caddisflies,1,1,0,0,0,0,0,0,0,0,0,0,0,0,1,1,0.004,0.004,
11/11/04,1/27/05,2004-2005,winter,Mike Creek,mc,control,1,r,0.15,0.15,flipped,NA,baetidae,mayflies,1,1,0,0,0,0,0,0,0,0,0,0,0,0,1,1,0.0053,0.0053,
11/11/04,1/27/05,2004-2005,winter,Mike Creek,mc,control,1,r,0.15,0.15,flipped,NA,simuliidae,blackflies,1,0,0,0,1,0,0,0,0,0,0,0,0,0,4,4,0.129966861,0.129966861,
1/28/05,4/8/05,2004-2005,spring,Mike Creek,mc,control,5,f,0.27,0.11,NA,15,neophylax,caddisflies,1,1,0,0,0,0,0,0,0,0,0,0,0,0,1,1,0.004,0.004,1 ameletus 3mm
1/28/05,4/8/05,2004-2005,spring,Mike Creek,mc,control,4,f,0.18,0.14,NA,22,chironomids,chironomids,1,0,1,0,0,0,0,0,0,0,0,0,0,0,2,2,0.011042515,0.011042515,
1/28/05,4/8/05,2004-2005,spring,Mike Creek,mc,control,2,r,0.17,0.17,NA,17,neophylax,caddisflies,1,0,1,0,0,0,0,0,0,0,0,0,0,0,2,2,0.030547872,0.030547872,
1/28/05,4/8/05,2004-2005,spring,Mike Creek,mc,control,4,f,0.18,0.14,NA,22,neophylax,caddisflies,1,0,1,0,0,0,0,0,0,0,0,0,0,0,2,2,0.030547872,0.030547872,
1/28/05,4/8/05,2004-2005,spring,Mike Creek,mc,control,1,r,0.22,0.26,NA,16.7,chironomids,chironomids,1,0,0,1,0,0,0,0,0,0,0,0,0,0,3,3,0.031907945,0.031907945,
1/28/05,4/8/05,2004-2005,spring,Mike Creek,mc,control,4,f,0.18,0.14,NA,22,ameletus,mayflies,1,0,0,1,0,0,0,0,0,0,0,0,0,0,3,3,0.181223424,0.181223424,1 ameletus at 5mm
4/8/05,7/6/05,2004-2005,summer,Mike Creek,mc,control,6,rn,0.12,0.07,NA,5.9,chironomids,chironomids,1,0,0,0,0,0,0,0,0,0,0,0,0,1,0,0,0,0,
4/8/05,7/6/05,2004-2005,summer,Mike Creek,mc,control,2,r,0.11,0.25,NA,8.77,chironomids,chironomids,1,0,1,0,0,0,0,0,0,0,0,0,0,0,2,2,0.011042515,0.011042515,
4/8/05,7/6/05,2004-2005,summer,Mike Creek,mc,control,5,p,0.15,0.04,NA,6.75,chironomids,chironomids,1,0,0,1,0,0,0,0,0,0,0,0,0,0,3,3,0.031907945,0.031907945,2 nemouridae@3mm
4/8/05,7/6/05,2004-2005,summer,Mike Creek,mc,control,3,rn,0.21,0.03,NA,30.62,neophylax,caddisflies,1,0,0,0,0,0,0,0,1,0,0,0,0,0,8,8,1.781652178,1.781652178,
4/8/05,7/6/05,2004-2005,summer,Mike Creek,mc,control,4,p,0.14,0.03,NA,31.4,nemourid,stonefly,1,0,0,1,0,0,0,0,0,0,0,0,0,0,3,3,20.23024346,20.23024346,2 nemouridae@3mm
11/28/05,3/30/06,2005-2006,spring,Mike Creek,mc,control,2,r,0.11,0.18,NA,23.5,neophylax,caddisflies,1,1,0,0,0,0,0,0,0,0,0,0,0,0,1,1,0.004,0.004,
11/28/05,3/30/06,2005-2006,spring,Mike Creek,mc,control,5,r,0.1,0.11,NA,110.2,neophylax,caddisflies,1,1,0,0,0,0,0,0,0,0,0,0,0,0,1,1,0.004,0.004,1 leech@6
11/28/05,3/30/06,2005-2006,spring,Mike Creek,mc,control,5,r,0.1,0.11,NA,110.2,chironomids,chironomids,1,0,1,0,0,0,0,0,0,0,0,0,0,0,2,2,0.011042515,0.011042515,
11/28/05,3/30/06,2005-2006,spring,Mike Creek,mc,control,1,r,0.15,0.14,NA,45.2,chironomids,chironomids,1,0,0,1,0,0,0,0,0,0,0,0,0,0,3,3,0.031907945,0.031907945,
11/28/05,3/30/06,2005-2006,spring,Mike Creek,mc,control,3,r,0.12,0.09,NA,28.6,baetidae,mayflies,1,0,0,0,1,0,0,0,0,0,0,0,0,0,4,4,0.285232064,0.285232064,
10/10/06,2/2/07,2006-2007,winter,Mike Creek,mc,control,2,r,0.05,0.04,NA,NA,chironomids,chironomids,1,0,1,0,0,0,0,0,0,0,0,0,0,0,2,2,0.011042515,0.011042515,1 plecoptera@6
10/10/06,2/2/07,2006-2007,winter,Mike Creek,mc,control,1,rn,0.1,0.02,NA,NA,normal,chironomids,1,0,1,0,0,0,0,0,0,0,0,0,0,0,2,2,0.011042515,0.011042515,
10/10/06,2/2/07,2006-2007,winter,Mike Creek,mc,control,3,r,0.03,0.14,NA,NA,normal,chironomids,1,0,0,1,0,0,0,0,0,0,0,0,0,0,3,3,0.031907945,0.031907945,
10/10/06,2/2/07,2006-2007,winter,Mike Creek,mc,control,3,r,0.03,0.14,NA,NA,simuliidae,blackflies,1,0,0,0,1,0,0,0,0,0,0,0,0,0,4,4,0.129966861,0.129966861,
10/10/06,2/2/07,2006-2007,winter,Mike Creek,mc,control,3,r,0.03,0.14,NA,NA,gloss,caddisflies,1,0,0,0,0,0,1,0,0,0,0,0,0,0,6,6,1.642802106,1.642802106,1 leach
2/2/07,4/16/07,2006-2007,spring,Mike Creek,mc,control,4,p,0.05,0.29,NA,10,gloss,caddisflies,1,0,0,0,0,1,0,0,0,0,0,0,0,0,5,5,0.958003565,0.958003565,
4/16/07,8/27/07,2006-2007,summer,Mike Creek,mc,control,3,r,0.05,0.12,NA,NA,chironomids,chironomids,1,0,1,0,0,0,0,0,0,0,0,0,0,0,2,2,0.011042515,0.011042515,
4/16/07,8/27/07,2006-2007,summer,Mike Creek,mc,control,5,p,0.14,0.01,NA,NA,normal,chironomids,1,0,0,0,1,0,0,0,0,0,0,0,0,0,4,4,0.067742856,0.067742856,
4/16/07,8/27/07,2006-2007,summer,Mike Creek,mc,control,4,p,0.08,0.01,NA,NA,diptera,chironomids,1,0,0,0,1,0,0,0,0,0,0,0,0,0,4,4,0.067742856,0.067742856,1 tipulidae pupae @6mm
4/16/07,8/27/07,2006-2007,summer,Mike Creek,mc,control,2,r,0.02,0.15,NA,NA,diptera,chironomids,1,0,0,0,0,0,1,0,0,0,0,0,0,0,6,6,0.195746645,0.195746645,1 plecoptera@6
4/16/07,8/27/07,2006-2007,summer,Mike Creek,mc,control,5,p,0.14,0.01,NA,NA,chironomids,chironomids,1,0,0,0,0,0,0,1,0,0,0,0,0,0,7,7,0.293017849,0.293017849,
4/16/07,8/27/07,2006-2007,summer,Mike Creek,mc,control,6,r,0.06,0.1,NA,NA,gloss,caddisflies,1,0,0,0,1,0,0,0,0,0,0,0,0,0,4,4,0.495116394,0.495116394,
8/28/07,2/21/08,2007-2008,winter,Mike Creek,mc,control,5,r,0.15,0.34,NA,NA,leech,NA,1,0,0,0,0,1,0,0,0,0,0,0,0,0,5,5,0,0,1 tipulidae pupae @4mm
8/28/07,2/21/08,2007-2008,winter,Mike Creek,mc,control,6,r,0.12,0.57,NA,NA,baetidae,mayflies,1,0,1,0,0,0,0,0,0,0,0,0,0,0,2,2,0.038880971,0.038880971,1 leech @ 5
8/28/07,2/21/08,2007-2008,winter,Mike Creek,mc,control,6,r,0.12,0.57,NA,NA,hept,mayflies,1,0,0,1,0,0,0,0,0,0,0,0,0,0,3,3,0.222543898,0.222543898,
8/28/07,2/21/08,2007-2008,winter,Mike Creek,mc,control,2,r,0.12,0.39,NA,NA,hept,mayflies,1,0,0,0,1,0,0,0,0,0,0,0,0,0,4,4,0.491469953,0.491469953,
8/28/07,2/21/08,2007-2008,winter,Mike Creek,mc,control,6,r,0.12,0.57,NA,NA,gloss,caddisflies,1,0,0,0,0,0,0,0,0,0,1,0,0,0,10,10,7.444128347,7.444128347,
2/21/08,4/22/08,2007-2008,spring,Mike Creek,mc,control,5,rn,0.05,0.14,NA,NA,normal,chironomids,1,1,0,0,0,0,0,0,0,0,0,0,0,0,1,1,0.0018,0.0018,6 simulidae pupae @ 5
2/21/08,4/22/08,2007-2008,spring,Mike Creek,mc,control,2,r,0.04,0.15,PAR meter malfunctioning - PAR estimate ~15 umoles/m-2s-1,NA,chironomids,chironomids,1,0,1,0,0,0,0,0,0,0,0,0,0,0,2,2,0.011042515,0.011042515,
2/21/08,4/22/08,2007-2008,spring,Mike Creek,mc,control,5,rn,0.05,0.14,NA,NA,mayfly,mayflies,1,0,1,0,0,0,0,0,0,0,0,0,0,0,2,2,0.072855168,0.072855168,1 mayfly @ 3
2/21/08,4/22/08,2007-2008,spring,Mike Creek,mc,control,6,rn,0.07,0.09,NA,NA,baetidae,mayflies,1,0,0,1,0,0,0,0,0,0,0,0,0,0,3,3,0.124738201,0.124738201,
2/21/08,4/22/08,2007-2008,spring,Mike Creek,mc,control,2,r,0.04,0.15,PAR meter malfunctioning - PAR estimate ~15 umoles/m-2s-1,NA,hept,mayflies,1,0,0,1,0,0,0,0,0,0,0,0,0,0,3,3,0.222543898,0.222543898,
12/12/03,6/25/04,2003-2004,summer,Spring Creek,sc,control,5,rn,NA,NA,NA,NA,normal,chironomids,1,0,1,0,0,0,0,0,0,0,0,0,0,0,2,2,0.011042515,0.011042515,
12/12/03,6/25/04,2003-2004,summer,Spring Creek,sc,control,3,rn,NA,NA,NA,NA,T,chironomids,1,0,1,0,0,0,0,0,0,0,0,0,0,0,2,2,0.011042515,0.011042515,1 ephemerellidae @ 2
12/12/03,6/25/04,2003-2004,summer,Spring Creek,sc,control,6,p,NA,NA,NA,NA,baetidae,mayflies,1,0,0,0,0,0,1,0,0,0,0,0,0,0,6,6,0.915083479,0.915083479,1 nemouridae@3mm and 1 nemouridae @2mm
12/12/03,6/25/04,2003-2004,summer,Spring Creek,sc,control,1,r,NA,NA,NA,NA,baetidae,mayflies,1,0,0,0,0,0,0,0,1,0,0,0,0,0,8,8,2.092471648,2.092471648,2 ameletus @ 4
11/11/04,1/27/05,2004-2005,winter,Spring Creek,sc,control,1,rn,0.04,0.17,NA,NA,baetidae,mayflies,1,1,0,0,0,0,0,0,0,0,0,0,0,0,1,1,0.0053,0.0053,
11/11/04,1/27/05,2004-2005,winter,Spring Creek,sc,control,3,r,0.17,0.22,flipped,NA,hept,mayflies,1,1,0,0,0,0,0,0,0,0,0,0,0,0,1,1,0.0108,0.0108,
11/11/04,1/27/05,2004-2005,winter,Spring Creek,sc,control,4,rn,0.17,0.05,flipped,NA,T,chironomids,1,0,1,0,0,0,0,0,0,0,0,0,0,0,2,2,0.011042515,0.011042515,
11/11/04,1/27/05,2004-2005,winter,Spring Creek,sc,control,3,r,0.17,0.22,flipped,NA,T,chironomids,1,0,0,1,0,0,0,0,0,0,0,0,0,0,3,3,0.031907945,0.031907945,
11/11/04,1/27/05,2004-2005,winter,Spring Creek,sc,control,1,rn,0.04,0.17,NA,NA,gloss,caddisflies,1,0,0,0,1,0,0,0,0,0,0,0,0,0,4,4,0.495116394,0.495116394,
11/11/04,1/27/05,2004-2005,winter,Spring Creek,sc,control,2,p,0.28,0.01,NA,NA,baetidae,mayflies,1,0,0,0,0,1,0,0,0,0,0,0,0,0,5,5,0.5417696,0.5417696,
1/28/05,4/8/05,2004-2005,spring,Spring Creek,sc,control,1,r,0.21,0.05,Partly cloudy,13.7,neophylax,caddisflies,1,0,1,0,0,0,0,0,0,0,0,0,0,0,2,2,0.030547872,0.030547872,
1/28/05,4/8/05,2004-2005,spring,Spring Creek,sc,control,1,r,0.21,0.05,Partly cloudy,13.7,baetidae,mayflies,1,0,0,1,0,0,0,0,0,0,0,0,0,0,3,3,0.124738201,0.124738201,
1/28/05,4/8/05,2004-2005,spring,Spring Creek,sc,control,4,f,0.22,0.2,NA,9,neophylax,caddisflies,1,0,0,0,1,0,0,0,0,0,0,0,0,0,4,4,0.233293128,0.233293128,
1/28/05,4/8/05,2004-2005,spring,Spring Creek,sc,control,4,f,0.22,0.2,NA,9,gloss,caddisflies,1,0,0,0,0,0,0,0,1,0,0,0,0,0,8,8,3.847282118,3.847282118,
4/8/05,7/6/05,2004-2005,summer,Spring Creek,sc,control,3,rn,0.2,0.22,NA,17.9,baetidae,mayflies,1,1,0,0,0,0,0,0,0,0,0,0,0,0,1,1,0.0053,0.0053,
4/8/05,7/6/05,2004-2005,summer,Spring Creek,sc,control,4,rn,0.22,0.15,NA,14.2,chironomids,chironomids,1,0,1,0,0,0,0,0,0,0,0,0,0,0,2,2,0.011042515,0.011042515,
4/8/05,7/6/05,2004-2005,summer,Spring Creek,sc,control,1,rn,0.17,0.31,NA,14.5,normal,chironomids,1,0,1,0,0,0,0,0,0,0,0,0,0,0,2,2,0.011042515,0.011042515,
4/8/05,7/6/05,2004-2005,summer,Spring Creek,sc,control,3,rn,0.2,0.22,NA,17.9,hept,mayflies,1,0,1,0,0,0,0,0,0,0,0,0,0,0,2,2,0.072855168,0.072855168,
4/8/05,7/6/05,2004-2005,summer,Spring Creek,sc,control,4,rn,0.22,0.15,NA,14.2,hept,mayflies,1,0,1,0,0,0,0,0,0,0,0,0,0,0,2,2,0.072855168,0.072855168,
4/8/05,7/6/05,2004-2005,summer,Spring Creek,sc,control,4,rn,0.22,0.15,NA,14.2,nemourid,stonefly,1,0,1,0,0,0,0,0,0,0,0,0,0,0,2,2,6.672425657,6.672425657,1 nemouridae@1mm
4/8/05,7/6/05,2004-2005,summer,Spring Creek,sc,control,2,p,0.37,0.01,NA,5.4,gloss,caddisflies,1,0,0,0,0,0,0,0,0,0,1,0,0,0,10,10,7.444128347,7.444128347,
10/10/06,2/2/07,2006-2007,winter,Spring Creek,sc,control,5,p,0.15,0.01,1/2 buried,NA,normal,chironomids,1,0,1,0,0,0,0,0,0,0,0,0,0,0,2,2,0.011042515,0.011042515,1 mayfly @ 3
10/10/06,2/2/07,2006-2007,winter,Spring Creek,sc,control,2,p,0.21,0.01,NA,NA,normal,chironomids,1,0,0,1,0,0,0,0,0,0,0,0,0,0,3,3,0.031907945,0.031907945,
10/10/06,2/2/07,2006-2007,winter,Spring Creek,sc,control,2,p,0.21,0.01,NA,NA,mayfly,mayflies,1,0,0,1,0,0,0,0,0,0,0,0,0,0,3,3,0.222543898,0.222543898,
2/2/07,4/16/07,2006-2007,spring,Spring Creek,sc,control,1,r,0.18,0.47,NA,5.6,neophylax,caddisflies,1,1,0,0,0,0,0,0,0,0,0,0,0,0,1,1,0.004,0.004,
2/2/07,4/16/07,2006-2007,spring,Spring Creek,sc,control,1,r,0.18,0.47,NA,5.6,hept,mayflies,1,1,0,0,0,0,0,0,0,0,0,0,0,0,1,1,0.0108,0.0108,
2/2/07,4/16/07,2006-2007,spring,Spring Creek,sc,control,2,p,0.22,0.01,NA,4.2,neophylax,caddisflies,1,0,1,0,0,0,0,0,0,0,0,0,0,0,2,2,0.030547872,0.030547872,
2/2/07,4/16/07,2006-2007,spring,Spring Creek,sc,control,4,rn,0.15,0.09,NA,3.4,normal,chironomids,1,0,0,1,0,0,0,0,0,0,0,0,0,0,3,3,0.031907945,0.031907945,
2/2/07,4/16/07,2006-2007,spring,Spring Creek,sc,control,4,rn,0.15,0.09,NA,3.4,gloss,caddisflies,1,0,0,0,1,0,0,0,0,0,0,0,0,0,4,4,0.495116394,0.495116394,
2/14/08,4/16/08,2007-2008,spring,Spring Creek,sc,control,6,rn,0.15,0.08,NA,NA,chironomids,chironomids,1,0,0,1,0,0,0,0,0,0,0,0,0,0,3,3,0.031907945,0.031907945,
2/14/08,4/16/08,2007-2008,spring,Spring Creek,sc,control,5,r,0.07,0.21,NA,NA,neophylax,caddisflies,1,0,0,1,0,0,0,0,0,0,0,0,0,0,3,3,0.100335965,0.100335965,
2/14/08,4/16/08,2007-2008,spring,Spring Creek,sc,control,6,rn,0.15,0.08,NA,NA,baetidae,mayflies,1,0,0,0,0,1,0,0,0,0,0,0,0,0,5,5,0.5417696,0.5417696,
4/8/05,7/6/05,2004-2005,summer,East Creek,ec,control,1,r,0.06,0.49,NA,8.6,chironomids,chironomids,2,0,0,2,0,0,0,0,0,0,0,0,0,0,6,3,0.195746645,0.097873323,1 nemouridae@2mm
11/28/05,3/30/06,2005-2006,spring,East Creek,ec,control,4,rn,0.15,0.01,NA,18.9,chironomids,chironomids,2,0,2,0,0,0,0,0,0,0,0,0,0,0,4,2,0.067742856,0.033871428,leaked
11/28/05,3/30/06,2005-2006,spring,East Creek,ec,control,5,rn,0.17,0.1,NA,21.4,hept,mayflies,2,2,0,0,0,0,0,0,0,0,0,0,0,0,2,1,0.072855168,0.036427584,1 leach
11/28/05,3/30/06,2005-2006,spring,East Creek,ec,control,4,rn,0.15,0.01,NA,18.9,normal,chironomids,2,0,0,1,1,0,0,0,0,0,0,0,0,1,7,3.5,0.293017849,0.146508924,1 chironomid pupae@4mm-added
11/28/05,3/30/06,2005-2006,spring,East Creek,ec,control,6,r,0.24,0.01,NA,31.6,hept,mayflies,2,0,0,0,2,0,0,0,0,0,0,0,0,0,8,4,3.315382034,1.657691017,
10/10/06,2/2/07,2006-2007,winter,East Creek,ec,control,3,rn,0.22,0.01,NA,NA,chironomids,chironomids,2,0,0,2,0,0,0,0,0,0,0,0,0,0,6,3,0.195746645,0.097873323,
10/10/06,2/2/07,2006-2007,winter,East Creek,ec,control,4,r,0.03,0.18,1/2 out of water,NA,simuliidae,blackflies,2,0,0,2,0,0,0,0,0,0,0,0,0,0,6,3,0.440598902,0.220299451,leaked
2/2/07,4/16/07,2006-2007,spring,East Creek,ec,control,2,r,0.05,0.14,NA,7,normal,chironomids,2,0,0,0,2,0,0,0,0,0,0,0,0,0,8,4,0.415584174,0.207792087,
2/2/07,4/16/07,2006-2007,spring,East Creek,ec,control,3,rn,0.26,0.05,NA,3.6,hept,mayflies,2,0,2,0,0,0,0,0,0,0,0,0,0,0,4,2,0.491469953,0.245734977,
8/27/07,2/14/08,2007-2008,winter,East Creek,ec,control,2,r,0.15,0.06,NA,1.85,hept,mayflies,2,0,0,2,0,0,0,0,0,0,0,0,0,0,6,3,1.501247506,0.750623753,
2/14/08,4/16/08,2007-2008,spring,East Creek,ec,control,4,p,0.23,0.01,NA,NA,neophylax,caddisflies,2,0,0,2,0,0,0,0,0,0,0,0,0,0,6,3,0.766262564,0.383131282,
2/14/08,4/16/08,2007-2008,spring,East Creek,ec,control,5,r,0.07,0.11,NA,NA,neophylax,caddisflies,2,0,0,2,0,0,0,0,0,0,0,0,0,0,6,3,0.766262564,0.383131282,
2/14/08,4/16/08,2007-2008,spring,East Creek,ec,control,2,p,0.14,0.01,1/2 buried,NA,hept,mayflies,2,0,0,2,0,0,0,0,0,0,0,0,0,0,6,3,1.501247506,0.750623753,
2/14/08,4/16/08,2007-2008,spring,East Creek,ec,control,4,p,0.23,0.01,NA,NA,gloss,caddisflies,2,0,0,0,0,0,0,0,2,0,0,0,0,0,16,8,29.89515167,14.94757583,
11/28/05,3/30/06,2005-2006,spring,Mirror Creek,j,thinned,1,p,0.1,0.005,"lots of sediment, 1/2 tile scraped",228.6,pearly,chironomids,2,0,0,0,0,0,2,0,0,0,0,0,0,0,12,6,1.200852941,0.60042647,
10/10/06,2/2/07,2006-2007,winter,Mirror Creek,j,thinned,6,r,0.03,0.1,NA,NA,neophylax,caddisflies,2,0,2,0,0,0,0,0,0,0,0,0,0,0,4,2,0.233293128,0.116646564,
2/2/07,4/16/07,2006-2007,spring,Mirror Creek,j,thinned,2,r,0.12,0.04,NA,NA,normal,chironomids,2,0,0,0,0,2,0,0,0,0,0,0,0,0,10,5,0.745199415,0.372599707,
8/28/07,2/21/08,2007-2008,winter,Mirror Creek,j,thinned,1,rn,0.12,0.29,PAR meter malfunctioning - PAR estimate ~30 umoles/m-2s-1,NA,chironomids,chironomids,2,0,0,2,0,0,0,0,0,0,0,0,0,0,6,3,0.195746645,0.097873323,
8/28/07,2/21/08,2007-2008,winter,Mirror Creek,j,thinned,3,r,0.11,0.18,NA,NA,chironomids,chironomids,2,0,0,2,0,0,0,0,0,0,0,0,0,0,6,3,0.195746645,0.097873323,
8/28/07,2/21/08,2007-2008,winter,Mirror Creek,j,thinned,2,rn,0.23,0.08,NA,NA,baetidae,mayflies,2,0,0,2,0,0,0,0,0,0,0,0,0,0,6,3,0.915083479,0.457541739,
8/28/07,2/21/08,2007-2008,winter,Mirror Creek,j,thinned,2,rn,0.23,0.08,NA,NA,hept,mayflies,2,0,0,2,0,0,0,0,0,0,0,0,0,0,6,3,15.01247506,7.506237532,
2/21/08,4/18/08,2007-2008,spring,Mirror Creek,j,thinned,4,rn,0.13,0.05,NA,NA,chironomids,chironomids,2,2,0,0,0,0,0,0,0,0,0,0,0,0,2,1,0.011042515,0.005521258,
12/12/03,6/25/04,2003-2004,summer,Griffiths,k,thinned,2,rn,NA,NA,NA,NA,ameletus,mayflies,2,0,0,0,1,0,1,0,0,0,0,0,0,0,10,5,5.774185412,2.887092706,"1 ameletus 4mm, 1 ameletus at 6mm"
9/15/04,11/12/04,2004-2005,fall,Griffiths,k,thinned,4,r,0.18,0.66,on it's side,NA,gloss,caddisflies,2,0,2,0,0,0,0,0,0,0,0,0,0,0,4,2,0.495116394,0.247558197,leetch
9/15/04,11/12/04,2004-2005,fall,Griffiths,k,thinned,3,r,0.1,0.47,inverted,NA,baetidae,mayflies,2,0,0,0,2,0,0,0,0,0,0,0,0,0,8,4,2.092471648,1.046235824,
1/28/05,4/7/05,2004-2005,spring,Griffiths,k,thinned,4,p,0.1,0.23,NA,NA,baetidae,mayflies,2,0,0,0,0,2,0,0,0,0,0,0,0,0,10,5,3.974439309,1.987219655,
1/28/05,4/7/05,2004-2005,spring,Griffiths,k,thinned,4,p,0.1,0.23,NA,NA,gloss,caddisflies,2,0,0,0,0,0,0,0,0,0,2,0,0,0,20,10,57.84430129,28.92215065,
10/6/05,12/6/05,2005-2006,winter,Griffiths,k,thinned,5,r,0.25,0.12,"Flipped/tilted, 1/2 in water",50.2,simuliidae,blackflies,2,0,0,0,2,0,0,0,0,0,0,0,0,0,8,4,1.047692769,0.523846385,
10/6/05,12/6/05,2005-2006,winter,Griffiths,k,thinned,3,p,0.065,0.08,Water falling,26.18,hept,mayflies,2,0,0,2,0,0,0,0,0,0,0,0,0,0,6,3,15.01247506,7.506237532,
12/6/05,4/3/06,2005-2006,spring,Griffiths,k,thinned,1,r,0.05,0.11,time 9:30,120.81,neophylax,caddisflies,2,0,0,2,0,0,0,0,0,0,0,0,0,0,6,3,0.766262564,0.383131282,
12/6/05,4/3/06,2005-2006,spring,Griffiths,k,thinned,4,r,0.05,0.35,time 9:30,58.96,gloss,caddisflies,2,0,0,0,2,0,0,0,0,0,0,0,0,0,8,4,3.847282118,1.923641059,
12/6/05,4/3/06,2005-2006,spring,Griffiths,k,thinned,6,p,0.15,0.01,time 9:30,69.13,gloss,caddisflies,2,0,0,0,2,0,0,0,0,0,0,0,0,0,8,4,3.847282118,1.923641059,
10/10/06,2/2/07,2006-2007,winter,Griffiths,k,thinned,2,r,0.02,0.28,3/4 tile (broken),NA,neophylax,caddisflies,2,0,0,2,0,0,0,0,0,0,0,0,0,0,6,3,0.766262564,0.383131282,
10/10/06,2/2/07,2006-2007,winter,Griffiths,k,thinned,4,r,0.05,0.25,NA,NA,neophylax,caddisflies,2,0,0,2,0,0,0,0,0,0,0,0,0,0,6,3,0.766262564,0.383131282,
10/10/06,2/2/07,2006-2007,winter,Griffiths,k,thinned,5,rn,0.04,0.23,NA,NA,neophylax,caddisflies,2,0,0,2,0,0,0,0,0,0,0,0,0,0,6,3,0.766262564,0.383131282,
10/10/06,2/2/07,2006-2007,winter,Griffiths,k,thinned,2,r,0.02,0.28,3/4 tile (broken),NA,baetidae,mayflies,2,0,0,2,0,0,0,0,0,0,0,0,0,0,6,3,0.915083479,0.457541739,
10/10/06,2/2/07,2006-2007,winter,Griffiths,k,thinned,5,rn,0.04,0.23,NA,NA,baetidae,mayflies,2,0,0,2,0,0,0,0,0,0,0,0,0,0,6,3,0.915083479,0.457541739,
2/2/07,4/16/07,2006-2007,spring,Griffiths,k,thinned,1,r,0.04,0.03,NA,101.4,chironomids,chironomids,2,0,2,0,0,0,0,0,0,0,0,0,0,0,4,2,0.067742856,0.033871428,
2/2/07,4/16/07,2006-2007,spring,Griffiths,k,thinned,1,r,0.04,0.03,NA,101.4,normal,chironomids,2,0,2,0,0,0,0,0,0,0,0,0,0,0,4,2,0.067742856,0.033871428,
8/27/07,2/22/08,2007-2008,winter,Griffiths,k,thinned,6,r,0.15,0.25,NA,NA,neophylax,caddisflies,2,0,2,0,0,0,0,0,0,0,0,0,0,0,4,2,0.233293128,0.116646564,
2/21/08,4/17/08,2007-2008,spring,Griffiths,k,thinned,5,rn,0.04,0.15,NA,NA,chironomids,chironomids,2,0,2,0,0,0,0,0,0,0,0,0,0,0,4,2,0.067742856,0.033871428,
2/21/08,4/17/08,2007-2008,spring,Griffiths,k,thinned,2,rn,0.1,0.05,NA,NA,neophylax,caddisflies,2,0,0,2,0,0,0,0,0,0,0,0,0,0,6,3,0.766262564,0.383131282,
2/21/08,4/17/08,2007-2008,spring,Griffiths,k,thinned,6,p,0.06,0.08,NA,NA,hept,mayflies,2,0,2,0,0,0,0,0,0,0,0,0,0,0,4,2,4.914699531,2.457349765,
2/21/08,4/17/08,2007-2008,spring,Griffiths,k,thinned,5,rn,0.04,0.15,NA,NA,gloss,caddisflies,2,0,0,0,0,0,0,0,2,0,0,0,0,0,16,8,29.89515167,14.94757583,
2/21/08,4/17/08,2007-2008,spring,Griffiths,k,thinned,6,p,0.06,0.08,NA,NA,gloss,caddisflies,2,0,0,0,0,0,0,0,2,0,0,0,0,0,16,8,29.89515167,14.94757583,
2/2/07,4/16/07,2006-2007,spring,Roy/Sidle,l,thinned,3,r,0.05,0.1,NA,11.3,neophylax,caddisflies,2,0,2,0,0,0,0,0,0,0,0,0,0,0,4,2,0.233293128,0.116646564,
2/21/08,4/16/08,2007-2008,spring,Roy/Sidle,l,thinned,5,rn,0.07,0.1,NA,NA,normal,chironomids,2,0,2,0,0,0,0,0,0,0,0,0,0,0,4,2,0.067742856,0.033871428,
12/12/03,6/25/04,2003-2004,summer,Mike Creek,mc,control,3,p,NA,NA,NA,NA,normal,chironomids,2,0,0,2,0,0,0,0,0,0,0,0,0,0,6,3,0.195746645,0.097873323,
12/12/03,6/25/04,2003-2004,summer,Mike Creek,mc,control,1,r,NA,NA,NA,NA,T,chironomids,2,0,0,2,0,0,0,0,0,0,0,0,0,0,6,3,0.195746645,0.097873323,
12/12/03,6/25/04,2003-2004,summer,Mike Creek,mc,control,2,r,NA,NA,NA,NA,T,chironomids,2,0,0,0,2,0,0,0,0,0,0,0,0,0,8,4,0.415584174,0.207792087,1 nemouridae@1mm
1/28/05,4/8/05,2004-2005,spring,Mike Creek,mc,control,5,f,0.27,0.11,NA,15,chironomids,chironomids,2,0,2,0,0,0,0,0,0,0,0,0,0,0,4,2,0.067742856,0.033871428,1 ameletus 3mm
1/28/05,4/8/05,2004-2005,spring,Mike Creek,mc,control,6,r,0.23,0.18,NA,9,chironomids,chironomids,2,0,2,0,0,0,0,0,0,0,0,0,0,0,4,2,0.067742856,0.033871428,2 ameletus 3mm
1/28/05,4/8/05,2004-2005,spring,Mike Creek,mc,control,5,f,0.27,0.11,NA,15,ameletus,mayflies,2,0,0,2,0,0,0,0,0,0,0,0,0,0,6,3,1.329460903,0.664730451,1 ameletus 3mm
4/8/05,7/6/05,2004-2005,summer,Mike Creek,mc,control,5,p,0.15,0.04,NA,6.75,normal,chironomids,2,0,0,0,2,0,0,0,0,0,0,0,0,0,8,4,0.415584174,0.207792087,1 nemouridae@3mm
4/8/05,7/6/05,2004-2005,summer,Mike Creek,mc,control,6,rn,0.12,0.07,NA,5.9,hept,mayflies,2,0,0,0,2,0,0,0,0,0,0,0,0,0,8,4,3.315382034,1.657691017,1 nemouridae@2mm
4/8/05,7/6/05,2004-2005,summer,Mike Creek,mc,control,3,rn,0.21,0.03,NA,30.62,nemourid,stonefly,2,0,0,2,0,0,0,0,0,0,0,0,0,0,6,3,134.8397719,67.41988596,3 nemouridae@2mm
8/28/07,2/21/08,2007-2008,winter,Mike Creek,mc,control,1,r,0.1,0.28,PAR meter malfunctioning - PAR estimate ~5 umoles/m-2s-1,NA,chironomids,chironomids,2,2,0,0,0,0,0,0,0,0,0,0,0,0,2,1,0.011042515,0.005521258,
8/28/07,2/21/08,2007-2008,winter,Mike Creek,mc,control,5,r,0.15,0.34,NA,NA,baetidae,mayflies,2,0,0,0,0,2,0,0,0,0,0,0,0,0,10,5,3.974439309,1.987219655,
2/21/08,4/22/08,2007-2008,spring,Mike Creek,mc,control,3,r,0.03,0.29,NA,NA,chironomids,chironomids,2,0,2,0,0,0,0,0,0,0,0,0,0,0,4,2,0.067742856,0.033871428,
2/21/08,4/22/08,2007-2008,spring,Mike Creek,mc,control,6,rn,0.07,0.09,NA,NA,neophylax,caddisflies,2,0,2,0,0,0,0,0,0,0,0,0,0,0,4,2,0.233293128,0.116646564,2 ameletus @ 4
2/21/08,4/22/08,2007-2008,spring,Mike Creek,mc,control,6,rn,0.07,0.09,NA,NA,hept,mayflies,2,0,0,2,0,0,0,0,0,0,0,0,0,0,6,3,1.501247506,0.750623753,2 ameletus @ 4
2/21/08,4/22/08,2007-2008,spring,Mike Creek,mc,control,4,p,0.13,0.01,NA,NA,ameletus,mayflies,2,0,0,0,2,0,0,0,0,0,0,0,0,0,8,4,3.040005979,1.52000299,2 ameletus 3mm
2/21/08,4/22/08,2007-2008,spring,Mike Creek,mc,control,4,p,0.13,0.01,NA,NA,hept,mayflies,2,0,0,0,0,2,0,0,0,0,0,0,0,0,10,5,6.129481738,3.064740869,
12/12/03,6/25/04,2003-2004,summer,Spring Creek,sc,control,6,p,NA,NA,NA,NA,hept,mayflies,2,0,0,2,0,0,0,0,0,0,0,0,0,0,6,3,1.501247506,0.750623753,
12/12/03,6/25/04,2003-2004,summer,Spring Creek,sc,control,2,p,NA,NA,NA,NA,hept,mayflies,2,0,0,0,2,0,0,0,0,0,0,0,0,0,8,4,3.315382034,1.657691017,
12/12/03,6/25/04,2003-2004,summer,Spring Creek,sc,control,5,rn,NA,NA,NA,NA,ameletus,mayflies,2,0,0,0,0,2,0,0,0,0,0,0,0,0,10,5,5.774185412,2.887092706,
12/12/03,6/25/04,2003-2004,summer,Spring Creek,sc,control,1,r,NA,NA,NA,NA,nemourid,stonefly,2,0,1,1,0,0,0,0,0,0,0,0,0,0,5,2.5,81.86732688,40.93366344,
11/11/04,1/27/05,2004-2005,winter,Spring Creek,sc,control,1,rn,0.04,0.17,NA,NA,hept,mayflies,2,2,0,0,0,0,0,0,0,0,0,0,0,0,2,1,0.072855168,0.036427584,
1/28/05,4/8/05,2004-2005,spring,Spring Creek,sc,control,3,r,0.24,0.21,NA,8,hept,mayflies,2,2,0,0,0,0,0,0,0,0,0,0,0,0,2,1,0.072855168,0.036427584,
1/28/05,4/8/05,2004-2005,spring,Spring Creek,sc,control,1,r,0.21,0.05,Partly cloudy,13.7,hept,mayflies,2,0,2,0,0,0,0,0,0,0,0,0,0,0,4,2,0.491469953,0.245734977,
11/28/05,3/30/06,2005-2006,spring,Spring Creek,sc,control,1,r,0.1,0.56,1/2 out of water,27.5,chironomids,chironomids,2,0,2,0,0,0,0,0,0,0,0,0,0,1,4,2,0.067742856,0.033871428,1 chironomid pupae@4mm-added to total and measurements
11/28/05,3/30/06,2005-2006,spring,Spring Creek,sc,control,4,rn,0.14,0.19,NA,11.5,hept,mayflies,2,2,0,0,0,0,0,0,0,0,0,0,0,0,2,1,0.072855168,0.036427584,1 chironomid pupae@4mm
11/28/05,3/30/06,2005-2006,spring,Spring Creek,sc,control,4,rn,0.14,0.19,NA,11.5,neophylax,caddisflies,2,0,2,0,0,0,0,0,0,0,0,0,0,0,4,2,0.233293128,0.116646564,2 nemouridae@3mm
10/10/06,2/2/07,2006-2007,winter,Spring Creek,sc,control,4,rn,0.2,0.02,NA,NA,hept,mayflies,2,2,0,0,0,0,0,0,0,0,0,0,0,0,2,1,0.072855168,0.036427584,
2/2/07,4/16/07,2006-2007,spring,Spring Creek,sc,control,1,r,0.18,0.47,NA,5.6,baetidae,mayflies,2,0,2,0,0,0,0,0,0,0,0,0,0,0,4,2,0.285232064,0.142616032,1 nemouridae@2
2/2/07,4/16/07,2006-2007,spring,Spring Creek,sc,control,5,rn,0.1,0.01,NA,2.7,neophylax,caddisflies,2,0,0,0,2,0,0,0,0,0,0,0,0,0,8,4,1.781652178,0.890826089,
2/14/08,4/16/08,2007-2008,spring,Spring Creek,sc,control,4,p,0.12,0.01,NA,NA,hept,mayflies,2,0,0,2,0,0,0,0,0,0,0,0,0,0,6,3,1.501247506,0.750623753,
2/14/08,4/16/08,2007-2008,spring,Spring Creek,sc,control,6,rn,0.15,0.08,NA,NA,hept,mayflies,2,0,0,0,2,0,0,0,0,0,0,0,0,0,8,4,3.315382034,1.657691017,
2/14/08,4/16/08,2007-2008,spring,Spring Creek,sc,control,1,r,0.15,0.4,1/2 buried,NA,gloss,caddisflies,2,0,0,0,0,0,0,0,2,0,0,0,0,0,16,8,29.89515167,14.94757583,
1/28/05,4/8/05,2004-2005,spring,East Creek,ec,control,4,r,NA,NA,buried,5,hept,mayflies,3,0,3,0,0,0,0,0,0,0,0,0,0,0,6,2,1.501247506,0.500415835,
1/28/05,4/8/05,2004-2005,spring,East Creek,ec,control,2,r,0.13,0.52,NA,15.6,simuliidae,blackflies,3,0,0,0,0,3,0,0,0,0,0,0,0,0,15,5,6.95409752,2.318032507,
4/8/05,7/6/05,2004-2005,summer,East Creek,ec,control,3,rn,0.22,0.11,NA,23,chironomids,chironomids,3,0,0,3,0,0,0,0,0,0,0,0,0,0,9,3,0.565620514,0.188540171,
4/8/05,7/6/05,2004-2005,summer,East Creek,ec,control,2,r,0.13,0.45,NA,19.9,baetidae,mayflies,3,0,0,0,3,0,0,0,0,0,0,0,0,0,12,4,6.713081998,2.237693999,
11/28/05,3/30/06,2005-2006,spring,East Creek,ec,control,5,rn,0.17,0.1,NA,21.4,neophylax,caddisflies,3,3,0,0,0,0,0,0,0,0,0,0,0,0,3,1,0.100335965,0.033445322,
11/28/05,3/30/06,2005-2006,spring,East Creek,ec,control,7,p,0.12,0.005,NA,38,normal,chironomids,3,0,0,3,0,0,0,0,0,0,0,0,0,0,9,3,0.565620514,0.188540171,
11/28/05,3/30/06,2005-2006,spring,East Creek,ec,control,4,rn,0.15,0.01,NA,18.9,neophylax,caddisflies,3,0,0,3,0,0,0,0,0,0,0,0,0,0,9,3,2.516826462,0.838942154,
8/27/07,2/14/08,2007-2008,winter,East Creek,ec,control,6,rn,0.13,0.2,NA,6.8,gloss,caddisflies,3,0,0,0,0,3,0,0,0,0,0,0,0,0,15,5,24.69970673,8.233235576,
2/14/08,4/16/08,2007-2008,spring,East Creek,ec,control,6,r,0.1,0.48,NA,NA,normal,chironomids,3,3,0,0,0,0,0,0,0,0,0,0,0,0,3,1,0.031907945,0.010635982,
11/28/05,3/30/06,2005-2006,spring,Mirror Creek,j,thinned,5,r,0.07,0.25,buried,155.9,normal,chironomids,3,0,3,0,0,0,0,0,0,0,0,0,0,0,6,2,0.195746645,0.065248882,
2/2/07,4/16/07,2006-2007,spring,Mirror Creek,j,thinned,6,r,0.05,0.15,NA,NA,neophylax,caddisflies,3,0,0,0,3,0,0,0,0,0,0,0,0,0,12,4,5.851922771,1.950640924,
8/28/07,2/21/08,2007-2008,winter,Mirror Creek,j,thinned,2,rn,0.23,0.08,NA,NA,chironomids,chironomids,3,0,3,0,0,0,0,0,0,0,0,0,0,0,6,2,0.195746645,0.065248882,
8/28/07,2/21/08,2007-2008,winter,Mirror Creek,j,thinned,3,r,0.11,0.18,NA,NA,normal,chironomids,3,0,3,0,0,0,0,0,0,0,0,0,0,0,6,2,0.195746645,0.065248882,
8/28/07,2/21/08,2007-2008,winter,Mirror Creek,j,thinned,1,rn,0.12,0.29,PAR meter malfunctioning - PAR estimate ~30 umoles/m-2s-1,NA,baetidae,mayflies,3,0,0,3,0,0,0,0,0,0,0,0,0,0,9,3,2.935777139,0.97859238,
8/28/07,2/21/08,2007-2008,winter,Mirror Creek,j,thinned,6,rn,0.15,0.16,NA,NA,baetidae,mayflies,3,0,0,3,0,0,0,0,0,0,0,0,0,0,9,3,2.935777139,0.97859238,
2/21/08,4/18/08,2007-2008,spring,Mirror Creek,j,thinned,1,rn,0.08,0.02,PAR meter malfunctioning - PAR estimate 30-100 umoles/m-2s-1,NA,chironomids,chironomids,3,3,0,0,0,0,0,0,0,0,0,0,0,0,3,1,0.031907945,0.010635982,
2/21/08,4/18/08,2007-2008,spring,Mirror Creek,j,thinned,6,r,0.03,0.37,NA,NA,baetidae,mayflies,3,0,3,0,0,0,0,0,0,0,0,0,0,0,6,2,0.915083479,0.305027826,
9/15/04,11/12/04,2004-2005,fall,Griffiths,k,thinned,5,r,0.1,0.05,covered in tree branches,NA,simuliidae,blackflies,3,0,3,0,0,0,0,0,0,0,0,0,0,0,6,2,0.440598902,0.146866301,
9/15/04,11/12/04,2004-2005,fall,Griffiths,k,thinned,2,rn,0.13,0.39,NA,NA,gloss,caddisflies,3,0,0,0,0,0,3,0,0,0,0,0,0,0,18,6,42.35551069,14.11850356,
9/15/04,11/12/04,2004-2005,fall,Griffiths,k,thinned,2,rn,0.13,0.39,NA,NA,gloss,caddisflies,3,0,0,0,0,0,3,0,0,0,0,0,0,0,18,6,42.35551069,14.11850356,
9/15/04,11/12/04,2004-2005,fall,Griffiths,k,thinned,3,r,0.1,0.47,inverted,NA,gloss,caddisflies,3,0,0,0,0,0,0,0,3,0,0,0,0,0,24,8,99.19247013,33.06415671,
11/12/04,1/28/05,2004-2005,winter,Griffiths,k,thinned,5,r,0.04,0.01,velocity effected by rock upstream 3/5 in water,NA,baetidae,mayflies,3,0,0,3,0,0,0,0,0,0,0,0,0,0,9,3,2.935777139,0.97859238,
4/8/05,7/6/05,2004-2005,summer,Griffiths,k,thinned,4,rn,0.06,0.03,NA,376.5,chironomids,chironomids,3,3,0,0,0,0,0,0,0,0,0,0,0,0,3,1,0.031907945,0.010635982,
10/6/05,12/6/05,2005-2006,winter,Griffiths,k,thinned,4,r,0.01,0.27,NA,54.85,gloss,caddisflies,3,0,0,0,0,0,3,0,0,0,0,0,0,0,18,6,42.35551069,14.11850356,
12/6/05,4/3/06,2005-2006,spring,Griffiths,k,thinned,3,r,0.05,0.23,time 9:30; no sample (dropped),78.99,chironomids,chironomids,3,0,3,0,0,0,0,0,0,0,0,0,0,0,6,2,0.195746645,0.065248882,
12/6/05,4/3/06,2005-2006,spring,Griffiths,k,thinned,6,p,0.15,0.01,time 9:30,69.13,neophylax,caddisflies,3,0,3,0,0,0,0,0,0,0,0,0,0,0,6,2,0.766262564,0.255420855,
10/10/06,2/2/07,2006-2007,winter,Griffiths,k,thinned,2,r,0.02,0.28,3/4 tile (broken),NA,gloss,caddisflies,3,0,0,0,0,3,0,0,0,0,0,0,0,0,15,5,24.69970673,8.233235576,
2/21/08,4/17/08,2007-2008,spring,Griffiths,k,thinned,5,rn,0.04,0.15,NA,NA,neophylax,caddisflies,3,0,3,0,0,0,0,0,0,0,0,0,0,0,6,2,0.766262564,0.255420855,
2/2/07,4/16/07,2006-2007,spring,Roy/Sidle,l,thinned,3,r,0.05,0.1,NA,11.3,hept,mayflies,3,0,3,0,0,0,0,0,0,0,0,0,0,0,6,2,15.01247506,5.004158355,
8/27/07,2/22/08,2007-2008,winter,Roy/Sidle,l,thinned,2,r,0.04,1.2,cascade - tilted 60 degrees,NA,baetidae,mayflies,3,0,0,0,3,0,0,0,0,0,0,0,0,0,12,4,6.713081998,2.237693999,
1/28/05,4/8/05,2004-2005,spring,Mike Creek,mc,control,3,r,0.26,0.12,NA,10,chironomids,chironomids,3,0,3,0,0,0,0,0,0,0,0,0,0,0,6,2,0.195746645,0.065248882,
1/28/05,4/8/05,2004-2005,spring,Mike Creek,mc,control,2,r,0.17,0.17,NA,17,chironomids,chironomids,3,0,0,3,0,0,0,0,0,0,0,0,0,0,9,3,0.565620514,0.188540171,
1/28/05,4/8/05,2004-2005,spring,Mike Creek,mc,control,1,r,0.22,0.26,NA,16.7,baetidae,mayflies,3,0,3,0,0,0,0,0,0,0,0,0,0,0,6,2,0.915083479,0.305027826,
4/8/05,7/6/05,2004-2005,summer,Mike Creek,mc,control,3,rn,0.21,0.03,NA,30.62,normal,chironomids,3,0,0,3,0,0,0,0,0,0,0,0,0,0,9,3,0.565620514,0.188540171,
4/8/05,7/6/05,2004-2005,summer,Mike Creek,mc,control,1,r,0.15,0.13,NA,24.34,nemourid,stonefly,3,0,3,0,0,0,0,0,0,0,0,0,0,0,6,2,134.8397719,44.94659064,1 nemouridae@2mm
4/16/07,8/27/07,2006-2007,summer,Mike Creek,mc,control,5,p,0.14,0.01,NA,NA,hept,mayflies,3,0,0,0,3,0,0,0,0,0,0,0,0,0,12,4,10.12718881,3.375729604,
1/28/05,4/8/05,2004-2005,spring,Spring Creek,sc,control,3,r,0.24,0.21,NA,8,baetidae,mayflies,3,3,0,0,0,0,0,0,0,0,0,0,0,0,3,1,0.124738201,0.0415794,
1/28/05,4/8/05,2004-2005,spring,Spring Creek,sc,control,4,f,0.22,0.2,NA,9,chironomids,chironomids,3,0,0,3,0,0,0,0,0,0,0,0,0,0,9,3,0.565620514,0.188540171,
4/8/05,7/6/05,2004-2005,summer,Spring Creek,sc,control,2,p,0.37,0.01,NA,5.4,normal,chironomids,3,0,0,3,0,0,0,0,0,0,0,0,0,0,9,3,0.565620514,0.188540171,
10/10/06,2/2/07,2006-2007,winter,Spring Creek,sc,control,1,r,0.14,0.53,NA,NA,hept,mayflies,3,0,0,3,0,0,0,0,0,0,0,0,0,0,9,3,4.585720981,1.52857366,
2/2/07,4/16/07,2006-2007,spring,Spring Creek,sc,control,1,r,0.18,0.47,NA,5.6,gloss,caddisflies,3,0,0,3,0,0,0,0,0,0,0,0,0,0,9,3,5.450837001,1.816945667,
2/14/08,4/16/08,2007-2008,spring,Spring Creek,sc,control,2,rn,0.12,0.1,PAR meter malfunctioning - PAR estimate ~5 umoles/m-2s-1,NA,neophylax,caddisflies,3,0,0,3,0,0,0,0,0,0,0,0,0,0,9,3,2.516826462,0.838942154,
11/28/05,3/30/06,2005-2006,spring,East Creek,ec,control,6,r,0.24,0.01,NA,31.6,neophylax,caddisflies,4,0,4,0,0,0,0,0,0,0,0,0,0,0,8,2,1.781652178,0.445413045,
10/10/06,2/2/07,2006-2007,winter,East Creek,ec,control,4,r,0.03,0.18,1/2 out of water,NA,hept,mayflies,4,0,4,0,0,0,0,0,0,0,0,0,0,0,8,2,3.315382034,0.828845508,1 plecoptera@6
8/27/07,2/14/08,2007-2008,winter,East Creek,ec,control,3,p,0.27,0.04,NA,3.46,neophylax,caddisflies,4,4,0,0,0,0,0,0,0,0,0,0,0,0,4,1,0.233293128,0.058323282,
2/14/08,4/16/08,2007-2008,spring,East Creek,ec,control,5,r,0.07,0.11,NA,NA,hept,mayflies,4,0,0,0,4,0,0,0,0,0,0,0,0,0,16,4,22.36506619,5.591266546,
4/8/05,7/6/05,2004-2005,summer,Mirror Creek,j,thinned,6,p,0.13,0.01,NA,119.38,pearly,chironomids,4,0,0,0,0,4,0,0,0,0,0,0,0,0,20,5,4.571597681,1.14289942,"1 caddisfly (wood case) @6mm, 1 zapada @3mm"
11/28/05,3/30/06,2005-2006,spring,Mirror Creek,j,thinned,3,rn,0.12,0.11,NA,131.7,normal,chironomids,4,0,0,0,4,0,0,0,0,0,0,0,0,0,16,4,2.549496967,0.637374242,
10/10/06,2/2/07,2006-2007,winter,Mirror Creek,j,thinned,1,rn,0.07,0.01,NA,NA,chironomids,chironomids,4,0,0,4,0,0,0,0,0,0,0,0,0,0,12,3,1.200852941,0.300213235,
10/10/06,2/2/07,2006-2007,winter,Mirror Creek,j,thinned,6,r,0.03,0.1,NA,NA,normal,chironomids,4,0,0,0,4,0,0,0,0,0,0,0,0,0,16,4,2.549496967,0.637374242,
2/2/07,4/16/07,2006-2007,spring,Mirror Creek,j,thinned,6,r,0.05,0.15,NA,NA,chironomids,chironomids,4,0,0,4,0,0,0,0,0,0,0,0,0,0,12,3,1.200852941,0.300213235,
2/2/07,4/16/07,2006-2007,spring,Mirror Creek,j,thinned,1,r,0.12,0.1,NA,NA,baetidae,mayflies,4,0,0,0,0,0,0,4,0,0,0,0,0,0,28,7,76.71056998,19.1776425,1 nemouridae@3
4/16/07,8/28/07,2006-2007,summer,Mirror Creek,j,thinned,5,r,0.02,0.15,3/4 buried,NA,chironomids,chironomids,4,0,0,4,0,0,0,0,0,0,0,0,0,0,12,3,1.200852941,0.300213235,1 nemouridae@10
8/28/07,2/21/08,2007-2008,winter,Mirror Creek,j,thinned,6,rn,0.15,0.16,NA,NA,neophylax,caddisflies,4,0,0,4,0,0,0,0,0,0,0,0,0,0,12,3,5.851922771,1.462980693,
8/28/07,2/21/08,2007-2008,winter,Mirror Creek,j,thinned,3,r,0.11,0.18,NA,NA,baetidae,mayflies,4,0,0,4,0,0,0,0,0,0,0,0,0,0,12,3,6.713081998,1.6782705,
2/21/08,4/18/08,2007-2008,spring,Mirror Creek,j,thinned,1,rn,0.08,0.02,PAR meter malfunctioning - PAR estimate 30-100 umoles/m-2s-1,NA,baetidae,mayflies,4,0,0,4,0,0,0,0,0,0,0,0,0,0,12,3,6.713081998,1.6782705,
1/28/05,4/7/05,2004-2005,spring,Griffiths,k,thinned,1,rn,0.12,0.42,NA,NA,chironomids,chironomids,4,0,0,4,0,0,0,0,0,0,0,0,0,0,12,3,1.200852941,0.300213235,
10/6/05,12/6/05,2005-2006,winter,Griffiths,k,thinned,1,r,0.06,0.02,10:00 AM,61.49,gloss,caddisflies,4,0,0,0,0,0,4,0,0,0,0,0,0,0,24,6,99.19247013,24.79811753,
12/6/05,4/3/06,2005-2006,spring,Griffiths,k,thinned,6,p,0.15,0.01,time 9:30,69.13,chironomids,chironomids,4,0,4,0,0,0,0,0,0,0,0,0,0,0,8,2,0.415584174,0.103896044,
8/27/07,2/22/08,2007-2008,winter,Griffiths,k,thinned,5,r,0.1,0.37,NA,NA,chironomids,chironomids,4,0,0,4,0,0,0,0,0,0,0,0,0,0,12,3,1.200852941,0.300213235,
2/21/08,4/17/08,2007-2008,spring,Griffiths,k,thinned,6,p,0.06,0.08,NA,NA,neophylax,caddisflies,4,0,4,0,0,0,0,0,0,0,0,0,0,0,8,2,1.781652178,0.445413045,
2/21/08,4/17/08,2007-2008,spring,Griffiths,k,thinned,4,r,0.05,0.22,NA,NA,ameletus,mayflies,4,0,0,0,0,0,0,0,0,0,4,0,0,0,40,10,310.7514761,77.68786902,4 ameletus @ 10
12/7/05,4/4/06,2005-2006,spring,Roy/Sidle,l,thinned,1,p,0.17,0.02,time 11:00,NA,hept,mayflies,4,0,0,0,0,4,0,0,0,0,0,0,0,0,20,5,413.4855753,103.3713938,
8/27/07,2/22/08,2007-2008,winter,Roy/Sidle,l,thinned,1,r,0.08,0.65,1/2 buried,NA,hept,mayflies,4,0,0,4,0,0,0,0,0,0,0,0,0,0,12,3,101.2718881,25.31797203,
1/28/05,4/8/05,2004-2005,spring,Mike Creek,mc,control,2,r,0.17,0.17,NA,17,normal,chironomids,4,0,0,4,0,0,0,0,0,0,0,0,0,0,12,3,1.200852941,0.300213235,
4/8/05,7/6/05,2004-2005,summer,Mike Creek,mc,control,3,rn,0.21,0.03,NA,30.62,chironomids,chironomids,4,0,4,0,0,0,0,0,0,0,0,0,0,0,8,2,0.415584174,0.103896044,
10/10/06,2/2/07,2006-2007,winter,Mike Creek,mc,control,1,rn,0.1,0.02,NA,NA,neophylax,caddisflies,4,4,0,0,0,0,0,0,0,0,0,0,0,0,4,1,0.233293128,0.058323282,
10/10/06,2/2/07,2006-2007,winter,Mike Creek,mc,control,2,r,0.05,0.04,NA,NA,neophylax,caddisflies,4,0,4,0,0,0,0,0,0,0,0,0,0,0,8,2,1.781652178,0.445413045,
4/16/07,8/27/07,2006-2007,summer,Mike Creek,mc,control,6,r,0.06,0.1,NA,NA,chironomids,chironomids,4,0,4,0,0,0,0,0,0,0,0,0,0,0,8,2,0.415584174,0.103896044,
12/12/03,6/25/04,2003-2004,summer,Spring Creek,sc,control,3,rn,NA,NA,NA,NA,nemourid,stonefly,4,3,0,0,0,1,0,0,0,0,0,0,0,0,8,2,296.3230955,74.08077389,1 nemouridae@3mm and 1 nemouridae @2mm
11/11/04,1/27/05,2004-2005,winter,Spring Creek,sc,control,6,r,0.16,0.36,NA,NA,simuliidae,blackflies,4,0,0,0,4,0,0,0,0,0,0,0,0,0,16,4,8.445692468,2.111423117,
1/28/05,4/8/05,2004-2005,spring,Spring Creek,sc,control,3,r,0.24,0.21,NA,8,neophylax,caddisflies,4,0,0,4,0,0,0,0,0,0,0,0,0,0,12,3,5.851922771,1.462980693,
10/10/06,2/2/07,2006-2007,winter,Spring Creek,sc,control,5,p,0.15,0.01,1/2 buried,NA,hept,mayflies,4,4,0,0,0,0,0,0,0,0,0,0,0,0,4,1,0.491469953,0.122867488,
2/2/07,4/16/07,2006-2007,spring,Spring Creek,sc,control,2,p,0.22,0.01,NA,4.2,normal,chironomids,4,0,0,4,0,0,0,0,0,0,0,0,0,0,12,3,1.200852941,0.300213235,
2/14/08,4/16/08,2007-2008,spring,Spring Creek,sc,control,5,r,0.07,0.21,NA,NA,hept,mayflies,4,0,0,4,0,0,0,0,0,0,0,0,0,0,12,3,10.12718881,2.531797203,
2/14/08,4/16/08,2007-2008,spring,Spring Creek,sc,control,1,r,0.15,0.4,1/2 buried,NA,hept,mayflies,4,0,0,0,0,4,0,0,0,0,0,0,0,0,20,5,41.34855753,10.33713938,6 simulidae pupae @ 5
2/2/07,4/16/07,2006-2007,spring,East Creek,ec,control,2,r,0.05,0.14,NA,7,hept,mayflies,5,0,5,0,0,0,0,0,0,0,0,0,0,0,10,2,6.129481738,1.225896348,
4/8/05,7/6/05,2004-2005,summer,Mirror Creek,j,thinned,2,rn,0.22,0.01,NA,88.06,pearly,chironomids,5,0,0,0,0,5,0,0,0,0,0,0,0,0,25,5,8.197501556,1.639500311,1 zapada @4mm
4/16/07,8/28/07,2006-2007,summer,Mirror Creek,j,thinned,3,rn,0.05,0.02,NA,NA,chironomids,chironomids,5,0,5,0,0,0,0,0,0,0,0,0,0,0,10,2,0.745199415,0.149039883,1 amphipod?@2mm
4/16/07,8/28/07,2006-2007,summer,Mirror Creek,j,thinned,1,p,0.1,0.01,NA,NA,chironomids,chironomids,5,0,0,5,0,0,0,0,0,0,0,0,0,0,15,3,2.153293999,0.4306588,1 amphipod?@2mm
4/16/07,8/28/07,2006-2007,summer,Mirror Creek,j,thinned,5,r,0.02,0.15,3/4 buried,NA,hept,mayflies,5,0,0,0,5,0,0,0,0,0,0,0,0,0,20,4,413.4855753,82.69711506,1 nemouridae@10
2/21/08,4/18/08,2007-2008,spring,Mirror Creek,j,thinned,6,r,0.03,0.37,NA,NA,simuliidae,blackflies,5,0,0,5,0,0,0,0,0,0,0,0,0,0,15,3,6.95409752,1.390819504,
4/8/05,7/6/05,2004-2005,summer,Griffiths,k,thinned,3,rn,0.05,0.22,NA,979.7,chironomids,chironomids,5,0,0,5,0,0,0,0,0,0,0,0,0,0,15,3,2.153293999,0.4306588,
12/6/05,4/3/06,2005-2006,spring,Griffiths,k,thinned,1,r,0.05,0.11,time 9:30,120.81,gloss,caddisflies,5,0,0,0,0,0,5,0,0,0,0,0,0,0,30,6,191.9280823,38.38561645,
10/10/06,2/2/07,2006-2007,winter,Griffiths,k,thinned,3,r,0.06,0.1,NA,NA,neophylax,caddisflies,5,0,5,0,0,0,0,0,0,0,0,0,0,0,10,2,3.428151381,0.685630276,
8/27/07,2/22/08,2007-2008,winter,Griffiths,k,thinned,5,r,0.1,0.37,NA,NA,neophylax,caddisflies,5,0,5,0,0,0,0,0,0,0,0,0,0,0,10,2,3.428151381,0.685630276,
8/27/07,2/22/08,2007-2008,winter,Griffiths,k,thinned,3,r,0.12,0.26,PAR meter malfunctioning - PAR estimate ~140 umoles/m-2s-1,NA,neophylax,caddisflies,5,0,0,5,0,0,0,0,0,0,0,0,0,0,15,3,11.25992905,2.251985811,
2/21/08,4/17/08,2007-2008,spring,Griffiths,k,thinned,6,p,0.06,0.08,NA,NA,chironomids,chironomids,5,0,5,0,0,0,0,0,0,0,0,0,0,0,10,2,0.745199415,0.149039883,
2/21/08,4/17/08,2007-2008,spring,Griffiths,k,thinned,3,rn,0.06,0.09,NA,NA,neophylax,caddisflies,5,0,0,5,0,0,0,0,0,0,0,0,0,0,15,3,11.25992905,2.251985811,
8/27/07,2/22/08,2007-2008,winter,Roy/Sidle,l,thinned,1,r,0.08,0.65,1/2 buried,NA,baetidae,mayflies,5,0,0,5,0,0,0,0,0,0,0,0,0,0,15,3,12.75082365,2.550164731,
2/21/08,4/16/08,2007-2008,spring,Roy/Sidle,l,thinned,6,rn,0.03,0.12,NA,NA,hept,mayflies,5,5,0,0,0,0,0,0,0,0,0,0,0,0,5,1,9.086301584,1.817260317,
4/8/05,7/6/05,2004-2005,summer,Mike Creek,mc,control,6,rn,0.12,0.07,NA,5.9,normal,chironomids,5,0,0,0,5,0,0,0,0,0,0,0,0,0,20,4,4.571597681,0.914319536,
11/11/04,1/27/05,2004-2005,winter,Spring Creek,sc,control,6,r,0.16,0.36,NA,NA,baetidae,mayflies,5,5,0,0,0,0,0,0,0,0,0,0,0,0,5,1,0.5417696,0.10835392,
2/14/08,4/16/08,2007-2008,spring,Spring Creek,sc,control,2,rn,0.12,0.1,PAR meter malfunctioning - PAR estimate ~5 umoles/m-2s-1,NA,hept,mayflies,5,0,0,5,0,0,0,0,0,0,0,0,0,0,15,3,18.72315717,3.744631434,
1/28/05,4/8/05,2004-2005,spring,East Creek,ec,control,3,p,0.2,0.06,NA,15,neophylax,caddisflies,6,0,6,0,0,0,0,0,0,0,0,0,0,0,12,2,5.851922771,0.975320462,
10/10/06,2/2/07,2006-2007,winter,East Creek,ec,control,2,rn,0.12,0.05,NA,NA,normal,chironomids,6,0,0,6,0,0,0,0,0,0,0,0,0,0,18,3,3.469929499,0.578321583,
10/10/06,2/2/07,2006-2007,winter,East Creek,ec,control,5,p,0.3,0.01,NA,NA,normal,chironomids,6,0,0,0,6,0,0,0,0,0,0,0,0,0,24,4,7.366909329,1.227818222,
2/2/07,4/16/07,2006-2007,spring,East Creek,ec,control,3,rn,0.26,0.05,NA,3.6,normal,chironomids,6,0,0,6,0,0,0,0,0,0,0,0,0,0,18,3,3.469929499,0.578321583,
2/2/07,4/16/07,2006-2007,spring,East Creek,ec,control,2,r,0.05,0.14,NA,7,neophylax,caddisflies,6,0,6,0,0,0,0,0,0,0,0,0,0,0,12,2,5.851922771,0.975320462,
2/14/08,4/16/08,2007-2008,spring,East Creek,ec,control,6,r,0.1,0.48,NA,NA,hept,mayflies,6,0,0,0,0,6,0,0,0,0,0,0,0,0,30,5,126.3035889,21.05059814,
1/28/05,4/8/05,2004-2005,spring,Mirror Creek,j,thinned,5,r,0.23,0.07,NA,57,chironomids,chironomids,6,0,0,6,0,0,0,0,0,0,0,0,0,0,18,3,3.469929499,0.578321583,
1/28/05,4/7/05,2004-2005,spring,Griffiths,k,thinned,3,r,0.1,0.43,NA,NA,chironomids,chironomids,6,0,6,0,0,0,0,0,0,0,0,0,0,0,12,2,1.200852941,0.200142157,
10/6/05,12/6/05,2005-2006,winter,Griffiths,k,thinned,3,p,0.065,0.08,Water falling,26.18,gloss,caddisflies,6,0,0,6,0,0,0,0,0,0,0,0,0,0,18,3,42.35551069,7.059251781,
4/16/07,8/27/07,2006-2007,summer,Griffiths,k,thinned,5,r,0.02,0.2,chironomids under caddisfly cases,NA,baetidae,mayflies,6,0,0,0,0,6,0,0,0,0,0,0,0,0,30,5,93.54045475,15.59007579,
2/21/08,4/17/08,2007-2008,spring,Griffiths,k,thinned,2,rn,0.1,0.05,NA,NA,chironomids,chironomids,6,0,6,0,0,0,0,0,0,0,0,0,0,0,12,2,1.200852941,0.200142157,
2/21/08,4/17/08,2007-2008,spring,Griffiths,k,thinned,1,p,0.11,0.01,PAR meter malfunctioning - PAR estimate ~140 umoles/m-2s-1,NA,neophylax,caddisflies,6,0,6,0,0,0,0,0,0,0,0,0,0,0,12,2,5.851922771,0.975320462,
12/7/05,4/4/06,2005-2006,spring,Roy/Sidle,l,thinned,3,p,0.15,0.005,time 11:00; 30% covered with fine silt,53,ceratopogonidae,NA,6,0,0,0,6,0,0,0,0,0,0,0,0,0,24,4,6.392659379,1.06544323,6 ceratopogonidae@4
2/21/08,4/16/08,2007-2008,spring,Roy/Sidle,l,thinned,2,r,0.13,0.26,sample leaked,NA,hept,mayflies,6,0,6,0,0,0,0,0,0,0,0,0,0,0,12,2,101.2718881,16.87864802,
1/28/05,4/8/05,2004-2005,spring,Mike Creek,mc,control,6,r,0.23,0.18,NA,9,neophylax,caddisflies,6,0,0,0,0,0,0,0,0,0,6,0,0,0,60,10,656.7160171,109.4526695,2 ameletus 3mm
12/12/03,6/25/04,2003-2004,summer,Spring Creek,sc,control,4,rn,NA,NA,NA,NA,T,chironomids,6,0,6,0,0,0,0,0,0,0,0,0,0,0,12,2,1.200852941,0.200142157,1 nemouridae@5mm and 3 nemouridae @1mm
12/12/03,6/25/04,2003-2004,summer,Spring Creek,sc,control,6,p,NA,NA,NA,NA,T,chironomids,6,0,6,0,0,0,0,0,0,0,0,0,0,0,12,2,1.200852941,0.200142157,
2/14/08,4/16/08,2007-2008,spring,East Creek,ec,control,6,r,0.1,0.48,NA,NA,simuliidae,blackflies,7,0,0,0,0,7,0,0,0,0,0,0,0,6,35,5,89.1700227,12.73857467,6 simulidae pupae @ 5
10/6/05,11/28/05,2005-2006,fall,Mirror Creek,j,thinned,5,rn,0.14,0.01,Partially buried and flipped,61.75,simuliidae,blackflies,7,0,0,7,0,0,0,0,0,0,0,0,0,0,21,3,19.15280081,2.736114402,
2/2/07,4/16/07,2006-2007,spring,Mirror Creek,j,thinned,1,r,0.12,0.1,NA,NA,normal,chironomids,7,0,0,0,7,0,0,0,0,0,0,0,0,0,28,4,11.02770331,1.575386186,1 nemouridae@3
2/21/08,4/18/08,2007-2008,spring,Mirror Creek,j,thinned,5,p,0.18,0.01,NA,NA,chironomids,chironomids,7,7,0,0,0,0,0,0,0,0,0,0,0,0,7,1,0.293017849,0.041859693,
1/28/05,4/7/05,2004-2005,spring,Griffiths,k,thinned,5,rn,0.09,0.34,NA,NA,chironomids,chironomids,7,0,7,0,0,0,0,0,0,0,0,0,0,0,14,2,1.797585575,0.256797939,
10/10/06,2/2/07,2006-2007,winter,Griffiths,k,thinned,2,r,0.02,0.28,3/4 tile (broken),NA,normal,chironomids,7,0,0,0,7,0,0,0,0,0,0,0,0,0,28,4,11.02770331,1.575386186,
8/27/07,2/22/08,2007-2008,winter,Griffiths,k,thinned,3,r,0.12,0.26,PAR meter malfunctioning - PAR estimate ~140 umoles/m-2s-1,NA,normal,chironomids,7,0,7,0,0,0,0,0,0,0,0,0,0,0,14,2,1.797585575,0.256797939,
2/21/08,4/17/08,2007-2008,spring,Griffiths,k,thinned,3,rn,0.06,0.09,NA,NA,chironomids,chironomids,7,0,7,0,0,0,0,0,0,0,0,0,0,0,14,2,1.797585575,0.256797939,
11/28/05,3/30/06,2005-2006,spring,Mike Creek,mc,control,3,r,0.12,0.09,NA,28.6,chironomids,chironomids,7,0,0,7,0,0,0,0,0,0,0,0,0,0,21,3,5.194220709,0.74203153,
2/21/08,4/22/08,2007-2008,spring,Mike Creek,mc,control,4,p,0.13,0.01,NA,NA,neophylax,caddisflies,7,0,0,0,0,7,0,0,0,0,0,0,0,0,35,5,135.1486044,19.30694349,
11/11/04,1/27/05,2004-2005,winter,East Creek,ec,control,3,r,0.22,0.14,NA,NA,neophylax,caddisflies,8,8,0,0,0,0,0,0,0,0,0,0,0,0,8,1,1.781652178,0.222706522,1 ephemerellidae @ 2
8/27/07,2/14/08,2007-2008,winter,East Creek,ec,control,5,r,0.1,0.41,NA,3.5,simuliidae,blackflies,8,0,0,0,8,0,0,0,0,0,0,0,0,0,32,4,68.08267019,8.510333774,
4/8/05,7/6/05,2004-2005,summer,Mirror Creek,j,thinned,1,p,0.14,0.04,NA,209.9,pearly,chironomids,8,0,0,0,8,0,0,0,0,0,0,0,0,0,32,4,15.64047716,1.955059645,1 caddisfly (wood case) @6mm
4/8/05,7/6/05,2004-2005,summer,Mirror Creek,j,thinned,4,rn,0.1,0.13,NA,199.69,pearly,chironomids,8,0,0,0,0,8,0,0,0,0,0,0,0,0,40,5,28.04552036,3.505690045,1 zapada @3mm
4/8/05,7/6/05,2004-2005,summer,Griffiths,k,thinned,5,rn,0.07,0.19,NA,190.5,chironomids,chironomids,8,0,0,8,0,0,0,0,0,0,0,0,0,0,24,3,7.366909329,0.920863666,1 nemouridae@4mm
12/6/05,4/3/06,2005-2006,spring,Griffiths,k,thinned,1,r,0.05,0.11,time 9:30,120.81,chironomids,chironomids,8,0,8,0,0,0,0,0,0,0,0,0,0,0,16,2,2.549496967,0.318687121,
10/10/06,2/2/07,2006-2007,winter,Griffiths,k,thinned,1,rn,0.07,0.07,NA,NA,chironomids,chironomids,8,0,0,8,0,0,0,0,0,0,0,0,0,0,24,3,7.366909329,0.920863666,
10/10/06,2/2/07,2006-2007,winter,Griffiths,k,thinned,4,r,0.05,0.25,NA,NA,chironomids,chironomids,8,0,0,0,8,0,0,0,0,0,0,0,0,0,32,4,15.64047716,1.955059645,
4/16/07,8/27/07,2006-2007,summer,Griffiths,k,thinned,5,r,0.02,0.2,chironomids under caddisfly cases,NA,chironomids,chironomids,8,0,0,8,0,0,0,0,0,0,0,0,0,0,24,3,7.366909329,0.920863666,
4/8/05,7/6/05,2004-2005,summer,Roy/Sidle,l,thinned,2,p,0.15,0.14,NA,100.7,chironomids,chironomids,8,0,8,0,0,0,0,0,0,0,0,0,0,0,16,2,2.549496967,0.318687121,
4/8/05,7/6/05,2004-2005,summer,Mike Creek,mc,control,4,p,0.14,0.03,NA,31.4,normal,chironomids,8,0,0,8,0,0,0,0,0,0,0,0,0,0,24,3,7.366909329,0.920863666,2 nemouridae@3mm
8/28/07,2/21/08,2007-2008,winter,Mike Creek,mc,control,1,r,0.1,0.28,PAR meter malfunctioning - PAR estimate ~5 umoles/m-2s-1,NA,baetidae,mayflies,8,0,8,0,0,0,0,0,0,0,0,0,0,0,16,2,15.35043969,1.918804961,
2/14/08,4/16/08,2007-2008,spring,Spring Creek,sc,control,1,r,0.15,0.4,1/2 buried,NA,simuliidae,blackflies,8,0,0,0,0,1,0,7,0,0,0,0,0,0,54,6.75,329.0543273,41.13179092,6 simulidae pupae @ 5
4/16/07,8/28/07,2006-2007,summer,Mirror Creek,j,thinned,3,rn,0.05,0.02,NA,NA,pearly,chironomids,9,0,0,9,0,0,0,0,0,0,0,0,0,0,27,3,10.02654889,1.114060988,1 amphipod?@2mm
4/8/05,7/6/05,2004-2005,summer,Mirror Creek,j,thinned,3,rn,0.12,0.15,NA,41.43,pearly,chironomids,10,0,0,0,10,0,0,0,0,0,0,0,0,0,40,4,28.04552036,2.804552036,
4/8/05,7/6/05,2004-2005,summer,Mirror Creek,j,thinned,5,p,0.1,0.03,NA,191.04,pearly,chironomids,10,0,0,0,0,10,0,0,0,0,0,0,0,0,50,5,50.28946396,5.028946396,
12/6/05,4/3/06,2005-2006,spring,Griffiths,k,thinned,4,r,0.05,0.35,time 9:30,58.96,chironomids,chironomids,10,0,10,0,0,0,0,0,0,0,0,0,0,0,20,2,4.571597681,0.457159768,
8/27/07,2/22/08,2007-2008,winter,Griffiths,k,thinned,6,r,0.15,0.25,NA,NA,chironomids,chironomids,10,0,0,10,0,0,0,0,0,0,0,0,0,0,30,3,13.20987867,1.320987867,
10/10/06,2/2/07,2006-2007,winter,Mirror Creek,j,thinned,4,r,0.03,0.1,NA,NA,simuliidae,blackflies,11,0,0,0,11,0,0,0,0,0,0,0,0,0,44,4,177.6094235,16.14631123,
4/16/07,8/28/07,2006-2007,summer,Mirror Creek,j,thinned,2,p,0.05,0.01,NA,NA,chironomids,chironomids,11,0,0,11,0,0,0,0,0,0,0,0,0,0,33,3,16.95209923,1.54109993,
4/8/05,7/6/05,2004-2005,summer,Roy/Sidle,l,thinned,1,p,0.2,0.03,NA,60.8,chironomids,chironomids,11,0,11,0,0,0,0,0,0,0,0,0,0,0,22,2,5.866683522,0.533334866,
4/16/07,8/27/07,2006-2007,summer,Griffiths,k,thinned,1,p,0.06,0.01,NA,NA,chironomids,chironomids,12,0,12,0,0,0,0,0,0,0,0,0,0,0,24,2,7.366909329,0.613909111,
2/21/08,4/16/08,2007-2008,spring,Roy/Sidle,l,thinned,1,rn,0.06,0.11,PAR meter malfunctioning - PAR estimate ~120 umoles/m-2s-1,NA,hept,mayflies,12,0,12,0,0,0,0,0,0,0,0,0,0,0,24,2,683.1648533,56.93040444,
8/28/07,2/21/08,2007-2008,winter,Mike Creek,mc,control,2,r,0.12,0.39,NA,NA,baetidae,mayflies,12,0,0,12,0,0,0,0,0,0,0,0,0,0,36,3,157.9958062,13.16631718,
2/21/08,4/22/08,2007-2008,spring,Mike Creek,mc,control,3,r,0.03,0.29,NA,NA,baetidae,mayflies,12,0,12,0,0,0,0,0,0,0,0,0,0,0,24,2,49.24738668,4.10394889,
4/16/07,8/27/07,2006-2007,summer,Griffiths,k,thinned,3,rn,0.05,0.03,NA,NA,chironomids,chironomids,13,0,0,13,0,0,0,0,0,0,0,0,0,0,39,3,26.24753852,2.019041424,
11/11/04,1/27/05,2004-2005,winter,East Creek,ec,control,2,r,0.07,0.35,flipped,NA,simuliidae,blackflies,15,0,0,0,15,0,0,0,0,0,0,0,0,0,60,4,451.9011126,30.12674084,
8/27/07,2/14/08,2007-2008,winter,East Creek,ec,control,6,rn,0.13,0.2,NA,6.8,hept,mayflies,17,0,17,0,0,0,0,0,0,0,0,0,0,0,34,2,178.2857749,10.48739852,
4/16/07,8/27/07,2006-2007,summer,Griffiths,k,thinned,4,rn,0.05,0.03,NA,NA,chironomids,chironomids,17,0,0,17,0,0,0,0,0,0,0,0,0,0,51,3,52.96435111,3.115550066,
11/12/04,1/28/05,2004-2005,winter,Griffiths,k,thinned,2,p,0.07,NA,flipped,NA,T,chironomids,30,0,30,0,0,0,0,0,0,0,0,0,0,0,60,2,81.03904741,2.70130158,
11/28/05,3/30/06,2005-2006,spring,Spring Creek,sc,control,1,r,0.1,0.56,1/2 out of water,27.5,simuliidae,blackflies,30,0,0,0,30,0,0,0,0,0,0,0,0,0,120,4,3642.878843,121.4292948,sampled by P.Kiffney and X. Pinto
2/14/08,4/16/08,2007-2008,spring,East Creek,ec,control,6,r,0.1,0.48,NA,NA,simuliidae,blackflies,49,0,0,0,0,0,49,0,0,0,0,0,0,0,294,6,54103.30649,1104.149112,
10/6/05,11/28/05,2005-2006,fall,Spring Creek,sc,control,1,r,0.12,0.45,NA,6.93,simuliidae,blackflies,65,0,0,65,0,0,0,0,0,0,0,0,0,0,195,3,15715.35553,241.7747004,
4/16/07,8/27/07,2006-2007,summer,Griffiths,k,thinned,5,r,0.02,0.2,chironomids under caddisfly cases,NA,gloss,caddisflies,75,0,0,0,75,0,0,0,0,0,0,0,0,0,300,4,174236.2534,2323.150045,